com.samsung.shealth.badge,6307003,1
number_of_streak,start_time,exercise_type,device_type,status,sleep_coaching_session_uuid,update_time,create_time,source_pkg_name,key,program_id,is_shown,time_offset,extra_data,deviceuuid,pkg_name,exercise_data_uuid,controller_id,end_time,datauuid
,2024-04-07 20:41:01.454,,,1,,2024-04-07 20:41:02.031,2024-04-07 20:41:02.031,,weight_first_body_check,,,UTC-0400,,KccLfCO56W,com.sec.android.app.shealth,,tracker.weight,2024-04-07 20:41:01.454,6f11fd2d-3317-4388-a57f-b470e57bfb07,
,2024-04-08 00:20:38.159,10001,,1,,2024-04-08 00:28:57.839,2024-04-08 00:28:57.839,,exercise_goal_first_achieve,,,UTC-0400,,KccLfCO56W,com.sec.android.app.shealth,6d0dc7ec-8b4b-4b0b-b2e7-301c8ff540c8,tracker.exercise,2024-04-08 00:28:57.584,9b285bd8-28c0-4be1-a2d8-232fb7589bb2,
,2024-04-08 05:12:20.902,,,1,,2024-04-08 05:12:20.907,2024-04-08 05:12:20.907,,sleep_goal_first_sleep,,,UTC-0400,,OKVbQxqZP/,com.sec.android.app.shealth,,Sleep.Goal,2024-04-08 05:12:20.902,55c13418-9e86-4c1a-9dfc-3950e8bb55aa,
,2024-04-16 00:00:00.000,,,1,2a91cfad-9c2b-43e4-b322-f97f06fd1ff4,2024-05-08 18:01:47.434,2024-05-08 18:01:47.434,,sleep_coaching_completion_penguin,,,UTC-0500,,OKVbQxqZP/,com.sec.android.app.shealth,,Sleep.Goal,2024-05-06 00:00:00.000,fc293a43-1593-482e-afe2-9533c15484cd,
,2024-05-16 04:00:00.000,,100003,1,,2024-10-24 04:31:51.911,2024-05-16 23:33:33.860,All steps,step_milestone_10k_steps,,,UTC-0400,7509.6962931299695,OKVbQxqZP/,com.sec.android.app.shealth,,tracker.pedometer,2024-05-17 03:59:59.999,3d4ed636-617c-40d6-9f18-7b50c6fff135,
,2024-05-09 00:00:00.000,,,1,fddd9b15-81a9-4d69-8502-ff683c84a2f6,2024-06-05 17:56:23.413,2024-06-05 17:56:23.413,,sleep_coaching_completion_lion,,,UTC-0500,,OKVbQxqZP/,com.sec.android.app.shealth,,Sleep.Goal,2024-05-29 00:00:00.000,439ae656-e068-4d03-b010-761906a1a300,
1,2024-06-30 04:00:00.000,,,1,,2024-06-30 16:17:31.876,2024-06-30 16:17:31.876,,sleep_good_sleep,,,UTC-0400,,OKVbQxqZP/,com.sec.android.app.shealth,,Sleep.Goal,2024-07-01 03:59:59.999,4c5993cd-a0d9-4ea8-843b-8430b91282f5,
1,2024-07-08 04:00:00.000,,,1,,2024-07-08 14:17:03.631,2024-07-08 14:17:03.631,,sleep_excellent_sleep,,,UTC-0400,,OKVbQxqZP/,com.sec.android.app.shealth,,Sleep.Goal,2024-07-09 03:59:59.999,f1b0c1c2-40c8-4a4e-929d-41e2ff398cf6,
1,2024-07-10 04:00:00.000,,,1,,2024-07-10 13:15:04.981,2024-07-10 13:15:04.981,,sleep_excellent_sleep,,,UTC-0400,,OKVbQxqZP/,com.sec.android.app.shealth,,Sleep.Goal,2024-07-11 03:59:59.999,ab28cd19-dda8-42d2-aaff-adf39e0abcca,
1,2024-07-11 04:00:00.000,,,1,,2024-07-11 15:39:50.123,2024-07-11 15:39:50.123,,sleep_excellent_sleep,,,UTC-0400,,OKVbQxqZP/,com.sec.android.app.shealth,,Sleep.Goal,2024-07-12 03:59:59.999,4a2efa48-61a8-478c-a0ec-61c810bf61ab,
1,2024-07-14 04:00:00.000,,,1,,2024-07-14 14:35:08.715,2024-07-14 14:35:08.715,,sleep_excellent_sleep,,,UTC-0400,,OKVbQxqZP/,com.sec.android.app.shealth,,Sleep.Goal,2024-07-15 03:59:59.999,0dc6e305-0b91-429e-adfb-c3f9744562a3,
1,2024-07-15 04:00:00.000,,,1,,2024-07-15 14:02:25.943,2024-07-15 14:02:25.943,,sleep_excellent_sleep,,,UTC-0400,,OKVbQxqZP/,com.sec.android.app.shealth,,Sleep.Goal,2024-07-16 03:59:59.999,0156f70e-3757-4429-9d4c-ecdf3cd3eb55,
1,2024-07-16 04:00:00.000,,,1,,2024-07-16 13:43:12.221,2024-07-16 13:43:12.221,,sleep_excellent_sleep,,,UTC-0400,,OKVbQxqZP/,com.sec.android.app.shealth,,Sleep.Goal,2024-07-17 03:59:59.999,47a1e1b1-e592-43c3-ac12-6bbf0db5e7ba,
1,2024-07-17 04:00:00.000,,,1,,2024-07-17 14:54:48.523,2024-07-17 14:54:48.523,,sleep_excellent_sleep,,,UTC-0400,,OKVbQxqZP/,com.sec.android.app.shealth,,Sleep.Goal,2024-07-18 03:59:59.999,30448c59-c83d-4320-ac67-35db21797f22,
1,2024-07-24 04:00:00.000,,,1,,2024-07-24 13:41:23.679,2024-07-24 13:41:23.679,,sleep_excellent_sleep,,,UTC-0400,,OKVbQxqZP/,com.sec.android.app.shealth,,Sleep.Goal,2024-07-25 03:59:59.999,199ef362-9587-44fb-a695-616fa23e27e7,
1,2024-07-26 04:00:00.000,,,1,,2024-07-26 16:32:00.752,2024-07-26 16:32:00.752,,sleep_excellent_sleep,,,UTC-0400,,OKVbQxqZP/,com.sec.android.app.shealth,,Sleep.Goal,2024-07-27 03:59:59.999,bb0da934-a026-488f-bc69-ce633f58d9e7,
1,2024-07-27 04:00:00.000,,,1,,2024-07-27 17:09:44.100,2024-07-27 17:09:44.100,,sleep_excellent_sleep,,,UTC-0400,,OKVbQxqZP/,com.sec.android.app.shealth,,Sleep.Goal,2024-07-28 03:59:59.999,521d2478-5d48-4b46-ab49-a2626ffda0c5,
1,2024-07-29 04:00:00.000,,,1,,2024-07-29 14:22:23.029,2024-07-29 14:22:23.029,,sleep_excellent_sleep,,,UTC-0400,,OKVbQxqZP/,com.sec.android.app.shealth,,Sleep.Goal,2024-07-30 03:59:59.999,8951fcd8-5e1d-4448-b678-46ae1529c522,
,2024-06-06 00:00:00.000,,,1,b3519708-4590-421a-aabf-f06fc7e03054,2024-07-30 16:16:29.756,2024-07-30 16:16:29.756,,sleep_coaching_completion_lion,,,UTC-0500,,OKVbQxqZP/,com.sec.android.app.shealth,,Sleep.Goal,2024-06-26 00:00:00.000,e4710097-f6f8-410d-8eb2-5e3815cc589e,
1,2024-07-31 04:00:00.000,,,1,,2024-07-31 15:22:50.911,2024-07-31 15:22:50.911,,sleep_excellent_sleep,,,UTC-0400,,OKVbQxqZP/,com.sec.android.app.shealth,,Sleep.Goal,2024-08-01 03:59:59.999,59103ddd-d2d7-4b49-9cc3-b63523bb2fcf,
1,2024-08-01 04:00:00.000,,,1,,2024-08-01 16:35:37.684,2024-08-01 16:35:37.684,,sleep_excellent_sleep,,,UTC-0400,,OKVbQxqZP/,com.sec.android.app.shealth,,Sleep.Goal,2024-08-02 03:59:59.999,fac60491-5d32-46bf-8f3d-5a73775bf2aa,
1,2024-08-10 04:00:00.000,,,1,,2024-08-10 12:47:54.165,2024-08-10 12:47:54.165,,sleep_excellent_sleep,,,UTC-0400,,OKVbQxqZP/,com.sec.android.app.shealth,,Sleep.Goal,2024-08-11 03:59:59.999,85d500ad-51cf-41ae-aa01-bce5c1da7185,
1,2024-08-12 04:00:00.000,,,1,,2024-08-12 11:31:57.865,2024-08-12 11:31:57.865,,sleep_excellent_sleep,,,UTC-0400,,OKVbQxqZP/,com.sec.android.app.shealth,,Sleep.Goal,2024-08-13 03:59:59.999,44d4f0cf-9f3d-4721-9450-6d7917f1bcc9,
1,2024-08-13 04:00:00.000,,,1,,2024-08-13 11:02:08.033,2024-08-13 11:02:08.033,,sleep_excellent_sleep,,,UTC-0400,,OKVbQxqZP/,com.sec.android.app.shealth,,Sleep.Goal,2024-08-14 03:59:59.999,00f60a3e-bead-4e56-b8ca-971d6578ca84,
1,2024-08-14 04:00:00.000,,,1,,2024-08-14 10:45:30.907,2024-08-14 10:45:30.907,,sleep_excellent_sleep,,,UTC-0400,,OKVbQxqZP/,com.sec.android.app.shealth,,Sleep.Goal,2024-08-15 03:59:59.999,97b4581c-ee4a-45cf-b9f4-8459dd46486f,
1,2024-08-17 04:00:00.000,,,1,,2024-08-17 13:19:44.322,2024-08-17 13:19:44.322,,sleep_excellent_sleep,,,UTC-0400,,OKVbQxqZP/,com.sec.android.app.shealth,,Sleep.Goal,2024-08-18 03:59:59.999,cbe289e6-6e9c-409d-b4e0-4265c5833e3c,
1,2024-08-20 04:00:00.000,,,1,,2024-08-20 11:10:25.493,2024-08-20 11:10:25.493,,sleep_excellent_sleep,,,UTC-0400,,OKVbQxqZP/,com.sec.android.app.shealth,,Sleep.Goal,2024-08-21 03:59:59.999,cab6f72c-9203-4c40-bdac-0000f5f69668,
1,2024-08-21 04:00:00.000,,,1,,2024-08-21 12:06:06.013,2024-08-21 12:06:06.013,,sleep_excellent_sleep,,,UTC-0400,,OKVbQxqZP/,com.sec.android.app.shealth,,Sleep.Goal,2024-08-22 03:59:59.999,c72fdd0a-f785-49c0-92a8-dbb6a38be8ae,
1,2024-08-22 04:00:00.000,,,1,,2024-08-22 11:33:31.319,2024-08-22 11:33:31.319,,sleep_excellent_sleep,,,UTC-0400,,OKVbQxqZP/,com.sec.android.app.shealth,,Sleep.Goal,2024-08-23 03:59:59.999,8ddef2ea-cfd1-4bd4-92cd-b4fc5c712add,
,2024-08-24 18:40:53.137,9014001,,1,,2024-08-25 02:47:24.115,2024-08-24 18:52:38.669,,exercise_goal_first_achieve,,1,UTC-0400,,KccLfCO56W,com.sec.android.app.shealth,275d9852-0285-424e-9f94-b4afd64db02a,tracker.exercise,2024-08-24 18:52:36.791,7430f57a-c1cf-457c-af62-a1875f8a5440,
1,2024-08-29 04:00:00.000,,,1,,2024-08-29 11:09:52.404,2024-08-29 11:09:52.404,,sleep_excellent_sleep,,,UTC-0400,,OKVbQxqZP/,com.sec.android.app.shealth,,Sleep.Goal,2024-08-30 03:59:59.999,5490cc9d-1f5d-48e1-8d01-f71b0c2b6b93,
1,2024-09-01 04:00:00.000,,,1,,2024-09-01 12:33:30.574,2024-09-01 12:33:30.574,,sleep_excellent_sleep,,,UTC-0400,,OKVbQxqZP/,com.sec.android.app.shealth,,Sleep.Goal,2024-09-02 03:59:59.999,bc9f5eb8-c07a-4c26-819f-1676d982da4a,
1,2024-09-04 04:00:00.000,,,1,,2024-09-04 12:38:39.212,2024-09-04 12:38:39.212,,sleep_excellent_sleep,,,UTC-0400,,OKVbQxqZP/,com.sec.android.app.shealth,,Sleep.Goal,2024-09-05 03:59:59.999,91861537-d030-4653-8e61-e38bdfe0d107,
1,2024-09-08 04:00:00.000,,,1,,2024-09-08 12:12:19.930,2024-09-08 12:12:19.930,,sleep_excellent_sleep,,,UTC-0400,,OKVbQxqZP/,com.sec.android.app.shealth,,Sleep.Goal,2024-09-09 03:59:59.999,aca37db8-9cc1-4006-ab17-df3daf510219,
0,1970-01-01 00:00:00.000,,,0,,2026-02-12 17:54:59.767,2024-09-09 09:52:50.964,,sleep_3_days_streak,,,UTC-0500,"1770958799999,1",OOh3/TRIp1,com.sec.android.app.shealth,,Sleep.Goal,2026-02-13 04:59:59.999,ed4df9bf-74c9-4a3b-b655-31ae15ee32c9,
1,2024-09-16 04:00:00.000,,,1,,2024-09-16 13:27:37.433,2024-09-16 13:27:37.433,,sleep_excellent_sleep,,,UTC-0400,,OKVbQxqZP/,com.sec.android.app.shealth,,Sleep.Goal,2024-09-17 03:59:59.999,598a0675-9973-46c0-9abc-d2a35bf3ad9f,
1,2024-09-18 04:00:00.000,,,1,,2024-09-18 12:45:59.959,2024-09-18 12:45:59.959,,sleep_excellent_sleep,,,UTC-0400,,OKVbQxqZP/,com.sec.android.app.shealth,,Sleep.Goal,2024-09-19 03:59:59.999,4c359c53-4b77-40c2-8143-383aaae3205c,
1,2024-09-24 04:00:00.000,,,1,,2024-09-24 11:11:29.448,2024-09-24 11:11:29.448,,sleep_excellent_sleep,,,UTC-0400,,OKVbQxqZP/,com.sec.android.app.shealth,,Sleep.Goal,2024-09-25 03:59:59.999,3c277986-8a88-4f6f-9e77-2ca821056bf2,
1,2024-09-25 04:00:00.000,,,1,,2024-09-25 13:11:03.682,2024-09-25 13:11:03.682,,sleep_excellent_sleep,,,UTC-0400,,OKVbQxqZP/,com.sec.android.app.shealth,,Sleep.Goal,2024-09-26 03:59:59.999,b2b609f4-b490-48b8-8e53-c5c11a2cf352,
1,2024-09-27 04:00:00.000,,,1,,2024-09-27 12:52:29.632,2024-09-27 12:52:29.632,,sleep_excellent_sleep,,,UTC-0400,,OKVbQxqZP/,com.sec.android.app.shealth,,Sleep.Goal,2024-09-28 03:59:59.999,f8682cf5-2743-4292-a519-86465b51d54b,
1,2024-09-28 04:00:00.000,,,1,,2024-09-28 16:27:54.191,2024-09-28 16:27:54.191,,sleep_excellent_sleep,,,UTC-0400,,OKVbQxqZP/,com.sec.android.app.shealth,,Sleep.Goal,2024-09-29 03:59:59.999,0bd8e86e-438c-402e-abb2-da0cc6888afa,
1,2024-09-29 04:00:00.000,,,1,,2024-09-29 12:21:15.072,2024-09-29 12:21:15.072,,sleep_excellent_sleep,,,UTC-0400,,OKVbQxqZP/,com.sec.android.app.shealth,,Sleep.Goal,2024-09-30 03:59:59.999,435c7f03-772f-4b50-8819-cd69f11d2b7a,
1,2024-10-07 04:00:00.000,,,1,,2024-10-07 13:47:41.144,2024-10-07 13:47:41.144,,sleep_excellent_sleep,,,UTC-0400,,OKVbQxqZP/,com.sec.android.app.shealth,,Sleep.Goal,2024-10-08 03:59:59.999,316b79a3-a342-41af-be45-e0eabc232cd8,
1,2024-10-08 04:00:00.000,,,1,,2024-10-08 13:07:58.812,2024-10-08 13:07:58.812,,sleep_excellent_sleep,,,UTC-0400,,OKVbQxqZP/,com.sec.android.app.shealth,,Sleep.Goal,2024-10-09 03:59:59.999,f7b1e5e6-ce3c-4526-a08c-22227dce13dc,
1,2024-10-09 04:00:00.000,,,1,,2024-10-09 14:28:00.515,2024-10-09 14:28:00.515,,sleep_excellent_sleep,,,UTC-0400,,OKVbQxqZP/,com.sec.android.app.shealth,,Sleep.Goal,2024-10-10 03:59:59.999,de1daed3-2dab-4c50-8285-879b163c65e9,
1,2024-11-02 04:00:00.000,,,1,,2024-11-02 13:46:04.476,2024-11-02 13:46:04.476,,sleep_excellent_sleep,,,UTC-0400,,OKVbQxqZP/,com.sec.android.app.shealth,,Sleep.Goal,2024-11-03 03:59:59.999,2adff424-8feb-4b93-a646-f645cb11a222,
0,2025-09-30 00:54:58.801,,,0,,2025-12-28 07:50:33.309,2024-11-02 18:52:55.647,,weight_1_month_streak,,,UTC-0400,,srp9fWplyX,com.sec.android.app.shealth,,tracker.weight,2025-09-30 00:54:58.801,5c355ffd-d6ca-4bb7-a481-8e124c94ffba,
1,2024-11-08 05:00:00.000,,,1,,2024-11-08 12:45:02.017,2024-11-08 12:45:02.017,,sleep_excellent_sleep,,,UTC-0500,,OKVbQxqZP/,com.sec.android.app.shealth,,Sleep.Goal,2024-11-09 04:59:59.999,6fd5fffc-d072-4bc6-9857-0a61cf48173c,
1,2024-11-09 05:00:00.000,,,1,,2024-11-09 12:02:59.223,2024-11-09 12:02:59.223,,sleep_excellent_sleep,,,UTC-0500,,OKVbQxqZP/,com.sec.android.app.shealth,,Sleep.Goal,2024-11-10 04:59:59.999,d8cc1135-41eb-4002-9755-bd1694bbae08,
1,2024-11-14 05:00:00.000,,,1,,2024-11-14 13:27:53.347,2024-11-14 13:27:53.347,,sleep_excellent_sleep,,,UTC-0500,,OKVbQxqZP/,com.sec.android.app.shealth,,Sleep.Goal,2024-11-15 04:59:59.999,7787e473-bab3-40a8-ab5b-1a72ec66ad3e,
1,2024-11-20 05:00:00.000,,,1,,2024-11-20 13:12:50.394,2024-11-20 13:12:50.394,,sleep_excellent_sleep,,,UTC-0500,,OKVbQxqZP/,com.sec.android.app.shealth,,Sleep.Goal,2024-11-21 04:59:59.999,8992ffa1-d687-4a60-a14f-3426bc25b975,
1,2024-12-01 05:00:00.000,,,1,,2024-12-01 13:32:24.902,2024-12-01 13:32:24.902,,sleep_excellent_sleep,,,UTC-0500,,OKVbQxqZP/,com.sec.android.app.shealth,,Sleep.Goal,2024-12-02 04:59:59.999,639b3874-b0c8-4e2e-b995-403347d842e9,
1,2024-12-02 05:00:00.000,,,1,,2024-12-02 11:13:17.036,2024-12-02 11:13:17.036,,sleep_excellent_sleep,,,UTC-0500,,OKVbQxqZP/,com.sec.android.app.shealth,,Sleep.Goal,2024-12-03 04:59:59.999,20b6edea-639d-4197-baf1-f016f23ca589,
1,2024-12-08 05:00:00.000,,,1,,2024-12-08 12:57:02.079,2024-12-08 12:57:02.079,,sleep_excellent_sleep,,,UTC-0500,,OKVbQxqZP/,com.sec.android.app.shealth,,Sleep.Goal,2024-12-09 04:59:59.999,ce96e9ff-bfe7-4d1d-8a06-5ad36602c221,
1,2024-12-12 05:00:00.000,,,1,,2024-12-12 11:25:44.272,2024-12-12 11:25:44.272,,sleep_excellent_sleep,,,UTC-0500,,OKVbQxqZP/,com.sec.android.app.shealth,,Sleep.Goal,2024-12-13 04:59:59.999,5dd098a0-b058-48c6-8d9f-0a39032d973c,
1,2025-01-01 05:00:00.000,,,1,,2025-01-01 16:02:44.519,2025-01-01 16:02:44.519,,sleep_excellent_sleep,,,UTC-0500,,OKVbQxqZP/,com.sec.android.app.shealth,,Sleep.Goal,2025-01-02 04:59:59.999,5f2156e4-f840-44c4-8ea2-e86f22754b45,
0,2025-01-03 00:00:00.000,,,0,,2025-01-06 05:00:01.024,2025-01-04 05:01:17.599,,nutrition_7_days_streak,,,UTC-0500,,OKVbQxqZP/,com.sec.android.app.shealth,,goal.nutrition,2025-01-04 23:59:59.999,a03d38c5-ca27-49bc-9813-3973e017838a,
1,2025-01-05 05:00:00.000,,,1,,2025-01-05 14:25:30.833,2025-01-05 14:25:30.833,,sleep_excellent_sleep,,,UTC-0500,,OKVbQxqZP/,com.sec.android.app.shealth,,Sleep.Goal,2025-01-06 04:59:59.999,5067af49-bbb6-4954-8aa2-73098cc36f4b,
1,2025-01-06 05:00:00.000,,,1,,2025-01-06 14:13:33.254,2025-01-06 14:13:33.254,,sleep_excellent_sleep,,,UTC-0500,,OKVbQxqZP/,com.sec.android.app.shealth,,Sleep.Goal,2025-01-07 04:59:59.999,8e12cddd-bf38-4793-b833-981b8cd9466a,
,2025-01-14 00:00:00.000,,,1,,2025-01-14 12:35:15.625,2025-01-14 12:35:15.625,,vitality_first_measure,,,UTC+0000,,OKVbQxqZP/,com.sec.android.app.shealth,,tracker.vitality,2025-01-14 00:00:00.000,7c023cb3-da1b-478d-869f-869f555221f1,
,2025-01-14 00:00:00.000,,,1,,2025-01-14 12:35:15.671,2025-01-14 12:35:15.671,,vitality_good,,,UTC+0000,,OKVbQxqZP/,com.sec.android.app.shealth,,tracker.vitality,2025-01-14 00:00:00.000,0320137a-841d-4e19-98ff-d01cfb55485f,
,2025-01-19 00:00:00.000,,,1,,2025-01-19 14:00:02.371,2025-01-19 14:00:02.371,,vitality_excellent,,,UTC+0000,,OKVbQxqZP/,com.sec.android.app.shealth,,tracker.vitality,2025-01-19 00:00:00.000,eb15d758-052b-46fd-9310-65545520b79e,
,2025-01-27 00:00:00.000,,,1,,2025-01-27 14:47:51.388,2025-01-27 14:47:51.388,,vitality_excellent,,,UTC+0000,,OKVbQxqZP/,com.sec.android.app.shealth,,tracker.vitality,2025-01-27 00:00:00.000,17472e5d-5516-403e-bbf7-bd36a777afad,
1,2025-02-01 05:00:00.000,,,1,,2025-02-01 16:10:05.464,2025-02-01 16:10:05.464,,sleep_excellent_sleep,,,UTC-0500,,OKVbQxqZP/,com.sec.android.app.shealth,,Sleep.Goal,2025-02-02 04:59:59.999,82fdf891-c4d2-49f0-8ffc-864d5ee652ee,
1,2025-02-02 05:00:00.000,,,1,,2025-02-02 17:07:11.496,2025-02-02 17:07:11.496,,sleep_excellent_sleep,,,UTC-0500,,OKVbQxqZP/,com.sec.android.app.shealth,,Sleep.Goal,2025-02-03 04:59:59.999,4fffe45e-f5aa-4ab4-87e6-6087005c9187,
1,2025-02-07 05:00:00.000,,,1,,2025-02-07 14:30:09.514,2025-02-07 14:30:09.514,,sleep_excellent_sleep,,,UTC-0500,,OKVbQxqZP/,com.sec.android.app.shealth,,Sleep.Goal,2025-02-08 04:59:59.999,b1719a5a-c7f7-4969-bf51-578083ec5cac,
1,2025-02-15 05:00:00.000,,,1,,2025-02-15 14:25:39.378,2025-02-15 14:25:39.378,,sleep_excellent_sleep,,,UTC-0500,,OKVbQxqZP/,com.sec.android.app.shealth,,Sleep.Goal,2025-02-16 04:59:59.999,18a8c935-0d11-4dfa-8377-13c47fdb31cd,
1,2025-02-16 05:00:00.000,,,1,,2025-02-16 14:59:36.910,2025-02-16 14:59:36.910,,sleep_excellent_sleep,,,UTC-0500,,OKVbQxqZP/,com.sec.android.app.shealth,,Sleep.Goal,2025-02-17 04:59:59.999,41cbe37e-1e98-4d99-9860-816f1a8bc8c4,
1,2025-02-20 05:00:00.000,,,1,,2025-02-20 13:14:47.421,2025-02-20 13:14:47.421,,sleep_excellent_sleep,,,UTC-0500,,OKVbQxqZP/,com.sec.android.app.shealth,,Sleep.Goal,2025-02-21 04:59:59.999,610503a3-a28a-43bb-8d25-40f470599528,
,2025-02-22 18:37:26.580,14001,,1,,2025-02-23 04:30:49.131,2025-02-23 04:30:49.131,,exercise_goal_first_achieve,,,UTC-0500,,KccLfCO56W,com.sec.android.app.shealth,1b0e9e88-55c6-4bcd-9fc2-e68598ca14b0,tracker.exercise,2025-02-22 19:04:48.180,30976bb3-eb5f-479d-9e4c-a10ec3dc641a,
1,2025-02-23 05:00:00.000,,,1,,2025-02-23 13:25:13.408,2025-02-23 13:25:13.408,,sleep_excellent_sleep,,,UTC-0500,,OKVbQxqZP/,com.sec.android.app.shealth,,Sleep.Goal,2025-02-24 04:59:59.999,08fa14c8-9171-42d2-ad9b-7d78beb23554,
1,2025-02-24 05:00:00.000,,,1,,2025-02-24 12:38:45.071,2025-02-24 12:38:45.071,,sleep_excellent_sleep,,,UTC-0500,,OKVbQxqZP/,com.sec.android.app.shealth,,Sleep.Goal,2025-02-25 04:59:59.999,7fbbdcd3-58a3-49fd-b9c2-6f7f4954ee67,
1,2025-02-28 05:00:00.000,,,1,,2025-02-28 13:41:52.719,2025-02-28 13:41:52.719,,sleep_excellent_sleep,,,UTC-0500,,OKVbQxqZP/,com.sec.android.app.shealth,,Sleep.Goal,2025-03-01 04:59:59.999,1ab85209-fda4-4b7b-af11-8a8224c85cfa,
1,2025-03-03 05:00:00.000,,,1,,2025-03-03 13:15:42.911,2025-03-03 13:15:42.911,,sleep_excellent_sleep,,,UTC-0500,,OKVbQxqZP/,com.sec.android.app.shealth,,Sleep.Goal,2025-03-04 04:59:59.999,dd5506e0-c494-452d-aba0-96adf9e65504,
,2025-03-03 00:00:00.000,,,1,,2025-03-03 13:15:43.671,2025-03-03 13:15:43.671,,vitality_excellent,,,UTC+0000,,OKVbQxqZP/,com.sec.android.app.shealth,,tracker.vitality,2025-03-03 00:00:00.000,14899025-5d02-4908-8fc3-6bccbe84824e,
1,2025-03-06 05:00:00.000,,,1,,2025-03-06 14:54:59.571,2025-03-06 14:54:59.571,,sleep_excellent_sleep,,,UTC-0500,,OKVbQxqZP/,com.sec.android.app.shealth,,Sleep.Goal,2025-03-07 04:59:59.999,46b7f519-d409-45d8-931f-bd50e6adcfb8,
,2025-03-06 00:00:00.000,,,1,,2025-03-06 14:55:00.815,2025-03-06 14:55:00.815,,vitality_excellent,,,UTC+0000,,OKVbQxqZP/,com.sec.android.app.shealth,,tracker.vitality,2025-03-06 00:00:00.000,cc5a88b5-badf-4105-91a9-01425f5bfa33,
1,2025-03-10 04:00:00.000,,,1,,2025-03-10 12:53:38.496,2025-03-10 12:53:38.496,,sleep_excellent_sleep,,,UTC-0400,,OKVbQxqZP/,com.sec.android.app.shealth,,Sleep.Goal,2025-03-11 03:59:59.999,d2fff0e5-6c1a-443a-adc2-dbd2a963a36b,
1,2025-03-11 04:00:00.000,,,1,,2025-03-11 13:07:06.661,2025-03-11 13:07:06.661,,sleep_excellent_sleep,,,UTC-0400,,OKVbQxqZP/,com.sec.android.app.shealth,,Sleep.Goal,2025-03-12 03:59:59.999,26b6f251-e044-4981-95a9-56d144911d17,
,2025-03-11 00:00:00.000,,,1,,2025-03-11 13:07:07.382,2025-03-11 13:07:07.382,,vitality_excellent,,,UTC+0000,,OKVbQxqZP/,com.sec.android.app.shealth,,tracker.vitality,2025-03-11 00:00:00.000,ed1913ed-c559-4698-9c07-8fcdfb4001dc,
1,2025-03-17 04:00:00.000,,,1,,2025-03-17 12:00:22.770,2025-03-17 12:00:22.770,,sleep_excellent_sleep,,,UTC-0400,,OKVbQxqZP/,com.sec.android.app.shealth,,Sleep.Goal,2025-03-18 03:59:59.999,0fb8a797-26d2-44dc-b141-96149c399233,
,2025-03-19 00:00:00.000,,,1,,2025-03-19 12:53:33.532,2025-03-19 12:53:33.532,,vitality_excellent,,,UTC+0000,,OKVbQxqZP/,com.sec.android.app.shealth,,tracker.vitality,2025-03-19 00:00:00.000,f6969fed-1bdd-46f6-86ec-ea202e9ba20e,
1,2025-03-21 04:00:00.000,,,1,,2025-03-21 11:47:12.674,2025-03-21 11:47:12.674,,sleep_excellent_sleep,,,UTC-0400,,OKVbQxqZP/,com.sec.android.app.shealth,,Sleep.Goal,2025-03-22 03:59:59.999,f69b5a5b-beb5-42ca-bdec-b26a30ee9b52,
,2025-03-22 00:00:00.000,,,1,,2025-03-22 12:53:58.015,2025-03-22 12:53:58.015,,vitality_excellent,,,UTC+0000,,OKVbQxqZP/,com.sec.android.app.shealth,,tracker.vitality,2025-03-22 00:00:00.000,f2f23763-7cc8-4151-8170-6c50624dc73b,
,2025-03-23 00:00:00.000,,,1,,2025-03-23 13:53:16.244,2025-03-23 13:53:16.244,,vitality_excellent,,,UTC+0000,,OKVbQxqZP/,com.sec.android.app.shealth,,tracker.vitality,2025-03-23 00:00:00.000,d1916636-0929-4a66-931d-878421621934,
,2025-04-03 00:00:00.000,,,1,,2025-04-03 12:34:04.031,2025-04-03 12:34:04.031,,vitality_excellent,,,UTC+0000,,OKVbQxqZP/,com.sec.android.app.shealth,,tracker.vitality,2025-04-03 00:00:00.000,6d88be06-a6f9-4ad2-bced-f444956170c1,
,2025-04-04 00:00:00.000,,,1,,2025-04-04 13:27:06.430,2025-04-04 13:27:06.430,,vitality_excellent,,,UTC+0000,,OKVbQxqZP/,com.sec.android.app.shealth,,tracker.vitality,2025-04-04 00:00:00.000,c2902eef-6117-4811-8a6c-63a1491eafcb,
1,2025-04-05 04:00:00.000,,,1,,2025-04-05 20:41:52.607,2025-04-05 20:41:52.607,,sleep_excellent_sleep,,,UTC-0400,,OKVbQxqZP/,com.sec.android.app.shealth,,Sleep.Goal,2025-04-06 03:59:59.999,20acb44e-f203-4e7d-9cc5-9a1567888355,
,2025-04-05 00:00:00.000,,,1,,2025-04-05 20:41:56.495,2025-04-05 20:41:56.495,,vitality_excellent,,,UTC+0000,,OKVbQxqZP/,com.sec.android.app.shealth,,tracker.vitality,2025-04-05 00:00:00.000,d58b8d2b-b21c-4150-89cb-1eaadcbde8c3,
,2025-04-06 00:00:00.000,,,1,,2025-04-06 15:27:29.358,2025-04-06 15:27:29.358,,vitality_excellent,,,UTC+0000,,OKVbQxqZP/,com.sec.android.app.shealth,,tracker.vitality,2025-04-06 00:00:00.000,aafd630f-4178-4bad-bc2e-735e3a7bc0b0,
1,2025-04-08 04:00:00.000,,,1,,2025-04-08 15:36:46.383,2025-04-08 15:36:46.383,,sleep_excellent_sleep,,,UTC-0400,,OKVbQxqZP/,com.sec.android.app.shealth,,Sleep.Goal,2025-04-09 03:59:59.999,653ef8bc-664b-4e88-8118-5ac72938ab91,
1,2025-04-11 04:00:00.000,,,1,,2025-04-11 12:41:00.399,2025-04-11 12:41:00.399,,sleep_excellent_sleep,,,UTC-0400,,OKVbQxqZP/,com.sec.android.app.shealth,,Sleep.Goal,2025-04-12 03:59:59.999,a67e884e-cb69-4e78-a9fa-5bf9de606c52,
,2025-04-11 00:00:00.000,,,1,,2025-04-11 12:41:05.499,2025-04-11 12:41:05.499,,vitality_excellent,,,UTC+0000,,OKVbQxqZP/,com.sec.android.app.shealth,,tracker.vitality,2025-04-11 00:00:00.000,a40da29d-311f-4d51-8f8d-26935a7353d5,
1,2025-04-12 04:00:00.000,,,1,,2025-04-12 13:58:22.868,2025-04-12 13:58:22.868,,sleep_excellent_sleep,,,UTC-0400,,OKVbQxqZP/,com.sec.android.app.shealth,,Sleep.Goal,2025-04-13 03:59:59.999,5e26df1c-72e5-4ed3-8266-e50292dcd45b,
,2025-04-12 00:00:00.000,,,1,,2025-04-12 13:58:26.598,2025-04-12 13:58:26.598,,vitality_excellent,,,UTC+0000,,OKVbQxqZP/,com.sec.android.app.shealth,,tracker.vitality,2025-04-12 00:00:00.000,a2533cb4-ca4b-4bc7-9170-15f904558d61,
,2025-04-13 00:00:00.000,,,1,,2025-04-13 15:26:04.147,2025-04-13 15:26:04.147,,vitality_excellent,,,UTC+0000,,OKVbQxqZP/,com.sec.android.app.shealth,,tracker.vitality,2025-04-13 00:00:00.000,a977a3ba-a725-4797-8c64-3ce71aeab731,
1,2025-04-15 04:00:00.000,,,1,,2025-04-15 12:19:04.470,2025-04-15 12:19:04.470,,sleep_excellent_sleep,,,UTC-0400,,OKVbQxqZP/,com.sec.android.app.shealth,,Sleep.Goal,2025-04-16 03:59:59.999,573d83de-6efe-4eaf-aafb-4e3f870e3fec,
,2025-04-16 00:00:00.000,,,1,,2025-04-16 12:59:33.469,2025-04-16 12:59:33.469,,vitality_excellent,,,UTC+0000,,OKVbQxqZP/,com.sec.android.app.shealth,,tracker.vitality,2025-04-16 00:00:00.000,7b4b0d46-2d39-4714-bf5f-dc680320abcb,
,2025-04-17 00:00:00.000,,,1,,2025-04-17 12:01:07.252,2025-04-17 12:01:07.252,,vitality_excellent,,,UTC+0000,,OKVbQxqZP/,com.sec.android.app.shealth,,tracker.vitality,2025-04-17 00:00:00.000,62c34cdb-529c-4963-8416-e8d6fe992b4e,
,2025-04-25 00:00:00.000,,,1,,2025-04-25 12:35:45.419,2025-04-25 12:35:45.419,,vitality_excellent,,,UTC+0000,,OKVbQxqZP/,com.sec.android.app.shealth,,tracker.vitality,2025-04-25 00:00:00.000,6e28674b-d247-4695-ad32-77024346965b,
1,2025-04-26 04:00:00.000,,,1,,2025-04-26 13:33:36.720,2025-04-26 13:33:36.720,,sleep_excellent_sleep,,,UTC-0400,,OKVbQxqZP/,com.sec.android.app.shealth,,Sleep.Goal,2025-04-27 03:59:59.999,46059d47-d599-4ead-81dd-c2fde1cdb3ca,
,2025-04-26 00:00:00.000,,,1,,2025-04-26 13:33:43.050,2025-04-26 13:33:43.050,,vitality_excellent,,,UTC+0000,,OKVbQxqZP/,com.sec.android.app.shealth,,tracker.vitality,2025-04-26 00:00:00.000,ea45d63e-261e-4ac4-9750-e6452ac0651c,
,2025-04-28 00:00:00.000,,,1,,2025-04-28 11:31:33.457,2025-04-28 11:31:33.457,,vitality_excellent,,,UTC+0000,,OKVbQxqZP/,com.sec.android.app.shealth,,tracker.vitality,2025-04-28 00:00:00.000,3ce9b583-a20d-416d-9035-c0cddf3d402e,
,2025-05-05 00:00:00.000,,,1,,2025-05-05 18:44:02.200,2025-05-05 18:44:02.200,,vitality_excellent,,,UTC+0000,,OKVbQxqZP/,com.sec.android.app.shealth,,tracker.vitality,2025-05-05 00:00:00.000,3e44e933-fad1-4496-904a-d565f47b41f9,
1,2025-05-12 04:00:00.000,,,1,,2025-05-12 21:04:22.899,2025-05-12 21:04:22.899,,sleep_excellent_sleep,,,UTC-0400,,OKVbQxqZP/,com.sec.android.app.shealth,,Sleep.Goal,2025-05-13 03:59:59.999,dac11215-c769-43f3-9ca4-9af8a26f4184,
,2025-05-14 00:00:00.000,,,1,,2025-05-14 14:14:15.931,2025-05-14 14:14:15.931,,vitality_excellent,,,UTC+0000,,OKVbQxqZP/,com.sec.android.app.shealth,,tracker.vitality,2025-05-14 00:00:00.000,46ea94e3-b177-413a-b001-b7042fb403af,
,2025-05-21 00:00:00.000,,,1,,2025-05-21 14:05:40.418,2025-05-21 14:05:40.418,,vitality_excellent,,,UTC+0000,,OKVbQxqZP/,com.sec.android.app.shealth,,tracker.vitality,2025-05-21 00:00:00.000,37de652e-9124-40f1-a18b-f7ebf5f2f4a6,
,2025-05-30 00:00:00.000,,,1,,2025-05-30 15:14:24.598,2025-05-30 15:14:24.598,,vitality_excellent,,,UTC+0000,,OKVbQxqZP/,com.sec.android.app.shealth,,tracker.vitality,2025-05-30 00:00:00.000,699c6252-3f7b-4555-97da-ad1c8777119c,
1,2025-05-31 04:00:00.000,,,1,,2025-05-31 14:00:29.730,2025-05-31 14:00:29.730,,sleep_excellent_sleep,,,UTC-0400,,OKVbQxqZP/,com.sec.android.app.shealth,,Sleep.Goal,2025-06-01 03:59:59.999,4333bb00-c602-4bb6-abd0-66d33ec6aee9,
,2025-06-01 00:00:00.000,,,1,,2025-06-01 15:09:16.097,2025-06-01 15:09:16.097,,vitality_excellent,,,UTC+0000,,OKVbQxqZP/,com.sec.android.app.shealth,,tracker.vitality,2025-06-01 00:00:00.000,f590aa35-f104-4fb1-8210-47a567a0f234,
,2025-06-03 00:00:00.000,,,1,,2025-06-03 16:02:52.737,2025-06-03 16:02:52.737,,vitality_excellent,,,UTC+0000,,OKVbQxqZP/,com.sec.android.app.shealth,,tracker.vitality,2025-06-03 00:00:00.000,35678154-f1ba-44bf-80a6-268974a30acc,
1,2025-06-10 04:00:00.000,,,1,,2025-06-10 16:45:10.988,2025-06-10 16:45:10.988,,sleep_excellent_sleep,,,UTC-0400,,OKVbQxqZP/,com.sec.android.app.shealth,,Sleep.Goal,2025-06-11 03:59:59.999,f7a3db13-1d9b-4627-aaa8-0dc9e719e6de,
,2025-06-19 00:00:00.000,,,1,,2025-06-19 14:33:44.230,2025-06-19 14:33:44.230,,vitality_excellent,,,UTC+0000,,OKVbQxqZP/,com.sec.android.app.shealth,,tracker.vitality,2025-06-19 00:00:00.000,00c7a5bb-6cfb-4161-9552-52377cfe9ccc,
,2025-06-21 00:00:00.000,,,1,,2025-06-21 14:12:31.888,2025-06-21 14:12:31.888,,vitality_excellent,,,UTC+0000,,OKVbQxqZP/,com.sec.android.app.shealth,,tracker.vitality,2025-06-21 00:00:00.000,12d7aff7-a18b-4b9d-9927-a93bd9354c11,
1,2025-07-03 04:00:00.000,,,1,,2025-07-03 14:06:38.501,2025-07-03 14:06:38.501,,sleep_excellent_sleep,,,UTC-0400,,OOh3/TRIp1,com.sec.android.app.shealth,,Sleep.Goal,2025-07-04 03:59:59.999,52e22109-4280-4a39-9a1b-170eff0b4ebf,
,2025-07-03 00:00:00.000,,,1,,2025-07-03 14:06:39.264,2025-07-03 14:06:39.264,,vitality_excellent,,,UTC+0000,,OOh3/TRIp1,com.sec.android.app.shealth,,tracker.vitality,2025-07-03 00:00:00.000,9d169a12-da0f-4cb3-a221-c48c903689e9,
,2025-07-05 00:00:00.000,,,1,,2025-07-08 05:47:10.472,2025-07-08 05:47:10.472,,vitality_excellent,,,UTC+0000,,OOh3/TRIp1,com.sec.android.app.shealth,,tracker.vitality,2025-07-05 00:00:00.000,fdabd68b-c037-423f-bd60-f6acbeab12b1,
,2025-07-09 00:00:00.000,,,1,,2025-07-09 14:49:54.409,2025-07-09 14:49:54.409,,vitality_excellent,,,UTC+0000,,OOh3/TRIp1,com.sec.android.app.shealth,,tracker.vitality,2025-07-09 00:00:00.000,3c7fc88d-2a8d-4165-b8d2-571ddb30690d,
,2025-07-10 00:00:00.000,,,1,,2025-07-10 12:33:59.092,2025-07-10 12:33:59.092,,vitality_excellent,,,UTC+0000,,OOh3/TRIp1,com.sec.android.app.shealth,,tracker.vitality,2025-07-10 00:00:00.000,f9d21ffe-d885-4494-9aec-f98cf1994bf9,
1,2025-07-16 04:00:00.000,,,1,,2025-07-16 14:45:14.559,2025-07-16 14:45:14.559,,sleep_excellent_sleep,,,UTC-0400,,OOh3/TRIp1,com.sec.android.app.shealth,,Sleep.Goal,2025-07-17 03:59:59.999,cbf1179f-d9ca-4d1d-8149-34836a9eeab1,
1,2025-07-19 04:00:00.000,,,1,,2025-07-22 23:40:31.466,2025-07-22 23:40:31.466,,sleep_excellent_sleep,,,UTC-0400,,OOh3/TRIp1,com.sec.android.app.shealth,,Sleep.Goal,2025-07-20 03:59:59.999,d908bbba-2d66-4cb4-9fae-c3c899706a26,
,2025-07-21 00:00:00.000,,,1,,2025-07-22 23:40:33.389,2025-07-22 23:40:33.389,,vitality_excellent,,,UTC+0000,,OOh3/TRIp1,com.sec.android.app.shealth,,tracker.vitality,2025-07-21 00:00:00.000,4b33138a-7dc8-466e-b9a7-6fb415aadd32,
,2025-07-26 00:00:00.000,,,1,,2025-07-26 12:55:59.585,2025-07-26 12:55:59.585,,vitality_excellent,,,UTC+0000,,OOh3/TRIp1,com.sec.android.app.shealth,,tracker.vitality,2025-07-26 00:00:00.000,78b204b1-5779-4809-9dfb-2d0b3a9624a7,
,2025-08-06 00:00:00.000,,,1,,2025-08-06 14:29:07.458,2025-08-06 14:29:07.458,,vitality_excellent,,,UTC+0000,,OOh3/TRIp1,com.sec.android.app.shealth,,tracker.vitality,2025-08-06 00:00:00.000,f913a3c6-d095-4a21-9438-27b3ea9b7fd9,
,2025-08-07 00:00:00.000,,,1,,2025-08-07 13:22:38.228,2025-08-07 13:22:38.228,,vitality_excellent,,,UTC+0000,,OOh3/TRIp1,com.sec.android.app.shealth,,tracker.vitality,2025-08-07 00:00:00.000,49d561d5-f09d-4cdd-9b48-ff768e92628b,
,2025-08-09 00:00:00.000,,,1,,2025-08-09 17:22:21.614,2025-08-09 17:22:21.614,,vitality_excellent,,,UTC+0000,,OOh3/TRIp1,com.sec.android.app.shealth,,tracker.vitality,2025-08-09 00:00:00.000,b4373763-4f54-4231-b7f4-d09b1d224235,
1,2025-08-11 04:00:00.000,,,1,,2025-08-11 17:50:57.228,2025-08-11 17:50:57.228,,sleep_excellent_sleep,,,UTC-0400,,OOh3/TRIp1,com.sec.android.app.shealth,,Sleep.Goal,2025-08-12 03:59:59.999,c69a20c0-6c99-4107-bdf8-7fba1b1d6618,
,2025-08-11 00:00:00.000,,,1,,2025-08-11 17:50:57.756,2025-08-11 17:50:57.756,,vitality_excellent,,,UTC+0000,,OOh3/TRIp1,com.sec.android.app.shealth,,tracker.vitality,2025-08-11 00:00:00.000,8038339b-66b8-40b2-ad63-d0601c66ce60,
1,2025-08-17 04:00:00.000,,,1,,2025-08-17 16:46:06.796,2025-08-17 16:46:06.796,,sleep_excellent_sleep,,,UTC-0400,,OOh3/TRIp1,com.sec.android.app.shealth,,Sleep.Goal,2025-08-18 03:59:59.999,1ff5c578-9f60-473d-b1b8-a09c98b0185e,
,2025-08-17 00:00:00.000,,,1,,2025-08-17 16:46:07.178,2025-08-17 16:46:07.178,,vitality_excellent,,,UTC+0000,,OOh3/TRIp1,com.sec.android.app.shealth,,tracker.vitality,2025-08-17 00:00:00.000,a0d17497-9d04-43cc-9007-bcf25c9aaa3c,
1,2025-08-26 04:00:00.000,,,1,,2025-08-26 13:24:52.570,2025-08-26 13:24:52.570,,sleep_excellent_sleep,,,UTC-0400,,OOh3/TRIp1,com.sec.android.app.shealth,,Sleep.Goal,2025-08-27 03:59:59.999,7cca1b24-3b16-4238-b097-275bbf310890,
,2025-08-29 00:00:00.000,,,1,,2025-08-29 11:59:03.552,2025-08-29 11:59:03.552,,vitality_excellent,,,UTC+0000,,OOh3/TRIp1,com.sec.android.app.shealth,,tracker.vitality,2025-08-29 00:00:00.000,95dfd90d-cd74-44c2-933d-a3f376566622,
1,2025-09-01 04:00:00.000,,,1,,2025-09-01 14:46:48.628,2025-09-01 14:46:48.628,,sleep_excellent_sleep,,,UTC-0400,,OOh3/TRIp1,com.sec.android.app.shealth,,Sleep.Goal,2025-09-02 03:59:59.999,b20703f1-afb0-4945-9ec0-70a24b04cfd9,
,2025-09-01 00:00:00.000,,,1,,2025-09-01 14:46:49.229,2025-09-01 14:46:49.229,,vitality_excellent,,,UTC+0000,,OOh3/TRIp1,com.sec.android.app.shealth,,tracker.vitality,2025-09-01 00:00:00.000,e4715f89-df69-4b09-901e-1e32dae66d46,
,2025-09-02 00:00:00.000,,,1,,2025-09-02 12:24:00.534,2025-09-02 12:24:00.534,,vitality_excellent,,,UTC+0000,,OOh3/TRIp1,com.sec.android.app.shealth,,tracker.vitality,2025-09-02 00:00:00.000,5e677fe6-85e2-481b-b953-6ab56a73db6f,
,2025-09-03 00:00:00.000,,,1,,2025-09-03 12:02:19.524,2025-09-03 12:02:19.524,,vitality_excellent,,,UTC+0000,,OOh3/TRIp1,com.sec.android.app.shealth,,tracker.vitality,2025-09-03 00:00:00.000,79812fff-e866-4814-bb30-7ad4c335b639,
,2025-09-05 00:00:00.000,,,1,,2025-09-05 10:45:22.011,2025-09-05 10:45:22.011,,vitality_excellent,,,UTC+0000,,OOh3/TRIp1,com.sec.android.app.shealth,,tracker.vitality,2025-09-05 00:00:00.000,f84c6041-cb37-43e2-9353-a42b071dfbbe,
,2025-09-09 00:00:00.000,,,1,,2025-09-09 12:01:31.993,2025-09-09 12:01:31.993,,vitality_excellent,,,UTC+0000,,OOh3/TRIp1,com.sec.android.app.shealth,,tracker.vitality,2025-09-09 00:00:00.000,8c07f516-b53b-4a2d-b222-abd32c26018d,
1,2025-09-11 04:00:00.000,,,1,,2025-09-11 14:42:33.905,2025-09-11 14:42:33.905,,sleep_excellent_sleep,,,UTC-0400,,OOh3/TRIp1,com.sec.android.app.shealth,,Sleep.Goal,2025-09-12 03:59:59.999,8500a324-2db6-444a-83c0-9c9c3b3c49b1,
1,2025-09-13 04:00:00.000,,,1,,2025-09-13 15:13:20.193,2025-09-13 15:13:20.193,,sleep_excellent_sleep,,,UTC-0400,,OOh3/TRIp1,com.sec.android.app.shealth,,Sleep.Goal,2025-09-14 03:59:59.999,eaa3f69a-13fb-4450-80d0-aa2f7a9dbc14,
,2025-09-16 00:00:00.000,,,1,,2025-09-16 12:56:13.675,2025-09-16 12:56:13.675,,vitality_excellent,,,UTC+0000,,OOh3/TRIp1,com.sec.android.app.shealth,,tracker.vitality,2025-09-16 00:00:00.000,96177394-d0aa-42f1-a1d3-2bfa54dc093e,
,2025-09-18 00:00:00.000,,,1,,2025-09-18 13:12:14.002,2025-09-18 13:12:14.002,,vitality_excellent,,,UTC+0000,,OOh3/TRIp1,com.sec.android.app.shealth,,tracker.vitality,2025-09-18 00:00:00.000,721efe2b-ec88-4ef0-a4e1-c78f26f269f4,
,2025-09-21 00:00:00.000,,,1,,2025-09-21 10:29:52.468,2025-09-21 10:29:52.468,,vitality_excellent,,,UTC+0000,,OOh3/TRIp1,com.sec.android.app.shealth,,tracker.vitality,2025-09-21 00:00:00.000,2ebd667f-f8d4-42a7-8c7b-8659b78ac300,
188,2025-09-25 04:54:22.727,1002,,2,,2025-09-25 04:54:28.745,2025-09-25 04:54:28.745,,running_100K_accumulated,,,UTC-0400,,OOh3/TRIp1,com.sec.android.app.shealth,d8a8bafd-ad7c-4668-be97-43566c67e4ac,tracker.exercise,2025-09-25 04:54:28.727,f2f7d7fd-eef5-47dd-9743-e0ce756b1d35,
,2025-09-28 00:00:00.000,,,1,,2025-09-28 11:15:13.637,2025-09-28 11:15:13.637,,vitality_excellent,,,UTC+0000,,OOh3/TRIp1,com.sec.android.app.shealth,,tracker.vitality,2025-09-28 00:00:00.000,e92f5d1e-3d2f-44d6-a091-87150f00cb55,
1,2025-09-30 04:00:00.000,,,1,,2025-09-30 12:06:36.260,2025-09-30 12:06:36.260,,sleep_excellent_sleep,,,UTC-0400,,OOh3/TRIp1,com.sec.android.app.shealth,,Sleep.Goal,2025-10-01 03:59:59.999,0c2ff401-1ac9-4163-9379-0f72293422e9,
,2025-09-30 00:00:00.000,,,1,,2025-09-30 12:06:36.805,2025-09-30 12:06:36.805,,vitality_excellent,,,UTC+0000,,OOh3/TRIp1,com.sec.android.app.shealth,,tracker.vitality,2025-09-30 00:00:00.000,88c66d22-a9de-4d37-ac25-048665759b7e,
1,2025-10-04 04:00:00.000,,,1,,2025-10-04 13:59:48.795,2025-10-04 13:59:48.795,,sleep_excellent_sleep,,,UTC-0400,,OOh3/TRIp1,com.sec.android.app.shealth,,Sleep.Goal,2025-10-05 03:59:59.999,1de9e727-b684-41f8-b63e-6d7648bd0cc0,
,2025-10-04 00:00:00.000,,,1,,2025-10-04 13:59:49.392,2025-10-04 13:59:49.392,,vitality_excellent,,,UTC+0000,,OOh3/TRIp1,com.sec.android.app.shealth,,tracker.vitality,2025-10-04 00:00:00.000,28d95945-544f-41cc-87c5-0f6e9014a6db,
1,2025-10-05 04:00:00.000,,,1,,2025-10-06 03:50:33.100,2025-10-06 03:50:33.100,,sleep_excellent_sleep,,,UTC-0400,,OOh3/TRIp1,com.sec.android.app.shealth,,Sleep.Goal,2025-10-06 03:59:59.999,e0a37eaf-f60b-4195-ab60-2c149fb5e35c,
,2025-10-05 00:00:00.000,,,1,,2025-10-06 03:50:33.616,2025-10-06 03:50:33.616,,vitality_excellent,,,UTC+0000,,OOh3/TRIp1,com.sec.android.app.shealth,,tracker.vitality,2025-10-05 00:00:00.000,b6b5ba5a-82ba-4dcb-b176-b1d9539def23,
,2025-10-07 00:00:00.000,,,1,,2025-10-07 10:34:37.185,2025-10-07 10:34:37.185,,vitality_excellent,,,UTC+0000,,OOh3/TRIp1,com.sec.android.app.shealth,,tracker.vitality,2025-10-07 00:00:00.000,383a65f9-817a-4ca1-8549-5d4936bb5e94,
1,2025-10-07 04:00:00.000,,,1,,2025-10-07 12:49:43.043,2025-10-07 12:49:43.043,,sleep_excellent_sleep,,,UTC-0400,,OOh3/TRIp1,com.sec.android.app.shealth,,Sleep.Goal,2025-10-08 03:59:59.999,f140360c-d542-42d7-b0aa-756dd83d3843,
,2025-10-09 00:00:00.000,,,1,,2025-10-09 13:26:33.908,2025-10-09 13:26:33.908,,vitality_excellent,,,UTC+0000,,OOh3/TRIp1,com.sec.android.app.shealth,,tracker.vitality,2025-10-09 00:00:00.000,b2f9547e-ae01-41db-a364-a8d2bc57abfc,
1,2025-10-11 04:00:00.000,,,1,,2025-10-11 14:02:42.100,2025-10-11 14:02:42.100,,sleep_excellent_sleep,,,UTC-0400,,OOh3/TRIp1,com.sec.android.app.shealth,,Sleep.Goal,2025-10-12 03:59:59.999,3273c509-2777-4720-966a-5bae5b7736b0,
1,2025-10-12 04:00:00.000,,,1,,2025-10-12 13:26:42.731,2025-10-12 13:26:42.731,,sleep_excellent_sleep,,,UTC-0400,,OOh3/TRIp1,com.sec.android.app.shealth,,Sleep.Goal,2025-10-13 03:59:59.999,8ad330ba-c116-44e3-a61f-925faefa60d4,
1,2025-10-16 04:00:00.000,,,1,,2025-10-16 16:18:02.882,2025-10-16 16:18:02.882,,sleep_excellent_sleep,,,UTC-0400,,OOh3/TRIp1,com.sec.android.app.shealth,,Sleep.Goal,2025-10-17 03:59:59.999,29b3dd2b-aa40-43c1-8ebf-982cf3ced66e,
1,2025-10-19 04:00:00.000,,,1,,2025-10-19 15:32:56.048,2025-10-19 15:32:56.048,,sleep_excellent_sleep,,,UTC-0400,,OOh3/TRIp1,com.sec.android.app.shealth,,Sleep.Goal,2025-10-20 03:59:59.999,81df4b08-fef1-4b55-a9fb-1434fabac4b6,
,2025-10-19 00:00:00.000,,,1,,2025-10-19 15:32:57.066,2025-10-19 15:32:57.066,,vitality_excellent,,,UTC+0000,,OOh3/TRIp1,com.sec.android.app.shealth,,tracker.vitality,2025-10-19 00:00:00.000,b3306966-d7f5-4abc-a4c2-e894da0e46bf,
1,2025-10-22 04:00:00.000,,,1,,2025-10-22 12:26:45.376,2025-10-22 12:26:45.376,,sleep_excellent_sleep,,,UTC-0400,,OOh3/TRIp1,com.sec.android.app.shealth,,Sleep.Goal,2025-10-23 03:59:59.999,46bd859e-aa43-459e-8abf-9b83a87e8923,
1,2025-10-26 04:00:00.000,,,1,,2025-10-26 15:54:23.093,2025-10-26 15:54:23.093,,sleep_excellent_sleep,,,UTC-0400,,OOh3/TRIp1,com.sec.android.app.shealth,,Sleep.Goal,2025-10-27 03:59:59.999,80a251c1-39d7-4803-9133-245978ab10bd,
,2025-10-27 00:00:00.000,,,1,,2025-10-27 10:50:50.811,2025-10-27 10:50:50.811,,vitality_excellent,,,UTC+0000,,OOh3/TRIp1,com.sec.android.app.shealth,,tracker.vitality,2025-10-27 00:00:00.000,d892ac26-29a7-4006-b544-c716ffb22e73,
1,2025-11-02 04:00:00.000,,,1,,2025-11-02 15:19:32.669,2025-11-02 15:19:32.669,,sleep_excellent_sleep,,,UTC-0500,,OOh3/TRIp1,com.sec.android.app.shealth,,Sleep.Goal,2025-11-03 04:59:59.999,4f89bfb5-0334-4752-b313-492d0a105a89,
1,2025-11-08 05:00:00.000,,,1,,2025-11-08 14:15:02.526,2025-11-08 14:15:02.526,,sleep_excellent_sleep,,,UTC-0500,,OOh3/TRIp1,com.sec.android.app.shealth,,Sleep.Goal,2025-11-09 04:59:59.999,fd9f5909-09ac-4b44-93ea-1b8c0da81f19,
,2025-11-08 00:00:00.000,,,1,,2025-11-08 14:15:03.239,2025-11-08 14:15:03.239,,vitality_excellent,,,UTC+0000,,OOh3/TRIp1,com.sec.android.app.shealth,,tracker.vitality,2025-11-08 00:00:00.000,6c61457e-778e-4c87-8feb-1d1db20626e3,
1,2025-11-10 05:00:00.000,,,1,,2025-11-10 12:39:07.412,2025-11-10 12:39:07.412,,sleep_excellent_sleep,,,UTC-0500,,OOh3/TRIp1,com.sec.android.app.shealth,,Sleep.Goal,2025-11-11 04:59:59.999,d9ef1207-3050-4936-9dd2-82825c3ccfe6,
1,2025-11-15 05:00:00.000,,,1,,2025-11-15 14:08:18.515,2025-11-15 14:08:18.515,,sleep_excellent_sleep,,,UTC-0500,,OOh3/TRIp1,com.sec.android.app.shealth,,Sleep.Goal,2025-11-16 04:59:59.999,acb2c70d-5a61-42f1-9957-4f06d7b2060d,
,2025-11-15 00:00:00.000,,,1,,2025-11-15 14:08:19.790,2025-11-15 14:08:19.790,,vitality_excellent,,,UTC+0000,,OOh3/TRIp1,com.sec.android.app.shealth,,tracker.vitality,2025-11-15 00:00:00.000,2c28877b-71c2-4afb-99cc-4536337ba029,
,2025-11-19 00:00:00.000,,,1,,2025-11-19 13:25:33.856,2025-11-19 13:25:33.856,,vitality_excellent,,,UTC+0000,,OOh3/TRIp1,com.sec.android.app.shealth,,tracker.vitality,2025-11-19 00:00:00.000,18214087-8fb9-434e-9daf-70bf09390c8d,
,2025-11-21 00:00:00.000,,,1,,2025-11-21 14:05:05.854,2025-11-21 14:05:05.854,,vitality_excellent,,,UTC+0000,,OOh3/TRIp1,com.sec.android.app.shealth,,tracker.vitality,2025-11-21 00:00:00.000,8fe9f075-4a47-4023-b8fe-d4e1394c75ee,
,2025-11-22 00:00:00.000,,,1,,2025-11-22 15:38:38.720,2025-11-22 15:38:38.720,,vitality_excellent,,,UTC+0000,,OOh3/TRIp1,com.sec.android.app.shealth,,tracker.vitality,2025-11-22 00:00:00.000,1931a0bd-edf5-49ce-bbde-483c593dce18,
,2025-12-06 00:00:00.000,,,1,,2025-12-06 15:56:13.662,2025-12-06 15:56:13.662,,vitality_excellent,,,UTC+0000,,OOh3/TRIp1,com.sec.android.app.shealth,,tracker.vitality,2025-12-06 00:00:00.000,70aa3777-e591-4471-9519-356ad2763cbf,
,2025-12-07 00:00:00.000,,,1,,2025-12-07 14:55:07.754,2025-12-07 14:55:07.754,,vitality_excellent,,,UTC+0000,,OOh3/TRIp1,com.sec.android.app.shealth,,tracker.vitality,2025-12-07 00:00:00.000,e37f9983-2bb8-49a9-81eb-23671835f0cf,
,2025-12-08 00:00:00.000,,,1,,2025-12-08 13:40:53.593,2025-12-08 13:40:53.593,,vitality_excellent,,,UTC+0000,,OOh3/TRIp1,com.sec.android.app.shealth,,tracker.vitality,2025-12-08 00:00:00.000,4280e0f9-6251-453e-9729-6c29409dda32,
1,2025-12-11 05:00:00.000,,,1,,2025-12-11 17:12:11.212,2025-12-11 17:12:11.212,,sleep_excellent_sleep,,,UTC-0500,,OOh3/TRIp1,com.sec.android.app.shealth,,Sleep.Goal,2025-12-12 04:59:59.999,ad8e633c-ab0f-48d4-a9e5-2b442a529376,
,2025-12-17 00:00:00.000,,,1,,2025-12-17 17:15:41.319,2025-12-17 17:15:41.319,,vitality_excellent,,,UTC+0000,,OOh3/TRIp1,com.sec.android.app.shealth,,tracker.vitality,2025-12-17 00:00:00.000,dce8ce1c-a8da-475a-9661-7b7b0a334a49,
,2026-01-02 00:00:00.000,,,1,,2026-01-02 13:12:44.178,2026-01-02 13:12:44.178,,vitality_excellent,,,UTC+0000,,OOh3/TRIp1,com.sec.android.app.shealth,,tracker.vitality,2026-01-02 00:00:00.000,cbd15565-0046-4e28-9791-c797443f956f,
1,2026-01-13 05:00:00.000,,,1,,2026-01-13 14:51:09.610,2026-01-13 14:51:09.610,,sleep_excellent_sleep,,,UTC-0500,,OOh3/TRIp1,com.sec.android.app.shealth,,Sleep.Goal,2026-01-14 04:59:59.999,dc4d1079-0633-420a-860f-f139ca76829a,
1,2026-01-26 05:00:00.000,,,1,,2026-01-26 15:49:13.112,2026-01-26 15:49:13.112,,sleep_excellent_sleep,,,UTC-0500,,OOh3/TRIp1,com.sec.android.app.shealth,,Sleep.Goal,2026-01-27 04:59:59.999,8dad875e-7dfc-443f-a376-cd0d4b177f93,
,2026-01-27 00:00:00.000,,,1,,2026-01-27 16:00:13.765,2026-01-27 16:00:13.765,,vitality_excellent,,,UTC+0000,,OOh3/TRIp1,com.sec.android.app.shealth,,tracker.vitality,2026-01-27 00:00:00.000,640cd55d-b2ed-4491-9a6e-22eb29bc857d,
0,2026-02-01 00:00:00.000,,,0,,2026-02-18 12:16:16.129,2026-02-01 05:00:00.835,,daily_activity_month_streak_feb,,,UTC+0000,{"a":false},OOh3/TRIp1,com.sec.android.app.shealth,,tracker.daily_activity,2026-02-18 00:00:00.000,f831005c-8dc6-4395-b85f-58cf246faa52,
,2026-02-05 00:00:00.000,,,1,,2026-02-05 13:51:53.930,2026-02-05 13:51:53.930,,vitality_excellent,,,UTC+0000,,OOh3/TRIp1,com.sec.android.app.shealth,,tracker.vitality,2026-02-05 00:00:00.000,75595015-fed0-46cb-b71b-08294d6bb0dc,
