com.samsung.health.food_info,6307003,7
potassium,vitamin_a,vitamin_c,vitamin_d,cholesterol,description,custom,provider_food_id,metric_serving_amount,sodium,dietary_fiber,total_fat,update_time,create_time,monosaturated_fat,protein,polysaturated_fat,iron,name,sugar,added_sugar,calcium,calorie,serving_description,info_provider,deviceuuid,metric_serving_unit,saturated_fat,trans_fat,pkg_name,carbohydrate,unit_count_per_calorie,datauuid,default_number_of_serving_unit
422.0,2.0,17.0,0.0,0.0,"89 kcal, Per 100g",,default-fatsecret-5388,118,1.0,3.1,0.39,2025-07-03 03:28:08.136,2025-07-03 03:28:08.136,0.038,1.29,0.086,2.0,Banana,14.43,0.0,1.0,105.0,medium (7" to 7-7/8" long),,OOh3/TRIp1,g,0.132,,com.sec.android.app.shealth,26.95,1.1222222,8ee63d5d-5532-4a8c-9d93-d9deca6c4deb,1,
170.0,17.0,20.0,0.0,0.0,"30 kcal, Per 100g",,default-fatsecret-35984,152,2.0,0.6,0.23,2025-07-03 03:28:08.137,2025-07-03 03:28:08.137,0.056,0.93,0.076,2.0,Watermelon,9.42,0.0,1.0,46.0,"cup, diced",,OOh3/TRIp1,g,0.024,,com.sec.android.app.shealth,11.48,3.347826,e38760ec-a689-4015-822b-e2f8647afac6,1,
233.0,0.0,149.0,0.0,0.0,"32 kcal, Per 100g",,default-fatsecret-35976,152,2.0,3.0,0.46,2025-07-03 03:28:08.137,2025-07-03 03:28:08.137,0.065,1.02,0.236,4.0,Strawberries,7.08,0.0,2.0,49.0,"cup, halves",,OOh3/TRIp1,g,0.023,,com.sec.android.app.shealth,11.67,3.1020408,6c6ba732-5544-4359-9fdc-9cb71b798328,1,
67.0,6.0,0.0,0.0,210.0,"102 kcal, Per 53g",,default-fatsecret-3096,46,238.0,0.0,6.76,2025-07-03 03:28:08.137,2025-07-03 03:28:08.137,2.754,6.24,1.214,5.0,Fried Egg,0.38,0.0,3.0,89.0,large,,OOh3/TRIp1,g,1.88,,com.sec.android.app.shealth,0.43,0.5135135,363c9d55-8137-4db0-a7b3-2a2b691eff35,1,
301.0,0.0,2.0,0.0,68.0,"110 kcal, Per 100g",,default-fatsecret-4881229,118,77.0,0.0,1.46,2025-07-03 03:28:08.137,2025-07-03 03:28:08.137,0.354,27.25,0.33,5.0,Skinless Chicken Breast,0.0,0.0,1.0,130.0,"breast, bone and skin removed",,OOh3/TRIp1,g,0.389,0.024,com.sec.android.app.shealth,0.0,0.9076923,3c258201-444c-46c5-a54a-5f46aa142d15,1,
86.0,0.0,0.0,0.0,0.0,"49 kcal, Per 175g",,default-fatsecret-2479597,177,11.0,0.0,1.42,2025-07-03 03:28:08.137,2025-07-03 03:28:08.137,0.04,0.38,0.004,0.0,Coffee with Cream and Sugar,8.51,0.0,0.0,50.0,coffee cup (6 fl oz),,OOh3/TRIp1,g,1.295,,com.sec.android.app.shealth,9.14,3.7,443d4bb2-417c-4c01-b770-d1651b215185,1,
111.0,0.0,0.0,0.0,0.0,"1 kcal, Per 100g",,default-fatsecret-7331,237,5.0,0.0,0.05,2025-07-03 03:28:08.137,2025-07-03 03:28:08.137,0.028,0.28,0.002,0.0,Coffee,0.0,0.0,0.0,2.0,mug (8 fl oz),,OOh3/TRIp1,g,0.005,,com.sec.android.app.shealth,0.09,88.5,9f8a31f6-d9eb-455e-bd27-acb9c52b8714,1,
0.0,0.0,0.0,0.0,0.0,"0 kcal, Per 100g",,default-fatsecret-37922,237,5.0,0.0,0.0,2025-07-03 03:28:08.137,2025-07-03 03:28:08.137,0.0,0.0,0.0,0.0,Water,0.0,0.0,0.0,0.0,cup (8 fl oz),,OOh3/TRIp1,g,0.0,,com.sec.android.app.shealth,0.0,,d58f8a5d-36b6-430f-99ed-cba3545a9ef0,1,
,0.0,0.0,0.0,0.0,"140 kcal, Per 1 can",,default-fatsecret-3650710,12,45.0,0.0,0.0,2025-07-03 03:28:08.137,2025-07-03 03:28:08.137,0.0,0.0,0.0,0.0,Coco-Cola Classic (12 oz)(Coca-Cola),39.0,0.0,0.0,140.0,serving,,OOh3/TRIp1,oz,0.0,0.0,com.sec.android.app.shealth,39.0,,1450f431-2cb7-48ed-abb7-6069c3501cca,1,
366.0,9.0,1.0,0.0,20.0,"50 kcal, Per 100g",,default-fatsecret-800,244,100.0,0.0,4.81,2025-07-03 03:28:08.137,2025-07-03 03:28:08.137,1.366,8.05,0.178,0.0,2% Fat Milk,12.35,0.0,28.0,122.0,cup,,OOh3/TRIp1,g,3.067,,com.sec.android.app.shealth,11.42,2.0,b6c6ed3a-2447-4c4f-8103-c1b8b4fff080,1,
70.0,0.0,0.0,,0.0,"140 kcal, Per 11 chips",,fatsecret-57324,1,210.0,1.0,8.0,2018-07-10 20:32:47.650,2018-07-10 20:32:47.650,,2.0,,0.0,Nacho Cheesier Tortilla Chips(Doritos),0.0,,2.0,140.0,serving,,1nlD1Z6VIo,oz,1.0,,com.sec.android.app.shealth,16.0,,1b49a061-8dff-46c2-9345-da58d3200cf0,1,
366.0,9.0,1.0,,20.0,"50 kcal, Per 100g",,default-fatsecret-800,244,100.0,0.0,4.81,2018-07-10 20:09:56.282,2018-07-10 20:09:56.282,1.366,8.05,0.178,0.0,2% Fat Milk,12.35,,28.0,122.0,cup,,1nlD1Z6VIo,g,3.067,,com.sec.android.app.shealth,11.42,2.0,f0b1e28e-f83e-4b89-99a2-b7da23c4c727,1,
,0.0,0.0,,0.0,"140 kcal, Per 1 can",,default-fatsecret-3650710,12,45.0,0.0,0.0,2018-07-10 20:09:56.282,2018-07-10 20:09:56.282,0.0,0.0,0.0,0.0,Coco-Cola Classic (12 oz)(Coca-Cola),39.0,,0.0,140.0,serving,,1nlD1Z6VIo,oz,0.0,0.0,com.sec.android.app.shealth,39.0,,5c819884-8277-4cd4-ab16-2f2322d3f2f7,1,
301.0,0.0,2.0,,68.0,"110 kcal, Per 100g",,default-fatsecret-4881229,118,77.0,0.0,1.46,2018-07-10 20:09:56.280,2018-07-10 20:09:56.280,0.354,27.25,0.33,5.0,Skinless Chicken Breast,0.0,,1.0,130.0,"breast, bone and skin removed",,1nlD1Z6VIo,g,0.389,0.024,com.sec.android.app.shealth,0.0,0.9076923,584eb447-91a1-4edf-b115-1728ff34c4c7,1,
111.0,0.0,0.0,,0.0,"1 kcal, Per 100g",,default-fatsecret-7331,237,5.0,0.0,0.05,2018-07-10 20:09:56.281,2018-07-10 20:09:56.281,0.028,0.28,0.002,0.0,Coffee,0.0,,0.0,2.0,mug (8 fl oz),,1nlD1Z6VIo,g,0.005,,com.sec.android.app.shealth,0.09,88.5,67a00c14-2f8f-4827-964f-f5d4428dd832,1,
0.0,0.0,0.0,,0.0,"0 kcal, Per 100g",,default-fatsecret-37922,237,5.0,0.0,0.0,2018-07-10 20:09:56.281,2018-07-10 20:09:56.281,0.0,0.0,0.0,0.0,Water,0.0,,0.0,0.0,cup (8 fl oz),,1nlD1Z6VIo,g,0.0,,com.sec.android.app.shealth,0.0,,28a603ea-2323-4bde-a468-cfdaefd5cb22,1,
86.0,0.0,0.0,,0.0,"49 kcal, Per 175g",,default-fatsecret-2479597,177,11.0,0.0,1.42,2018-07-10 20:09:56.280,2018-07-10 20:09:56.280,0.04,0.38,0.004,0.0,Coffee with Cream and Sugar,8.51,,0.0,50.0,coffee cup (6 fl oz),,1nlD1Z6VIo,g,1.295,,com.sec.android.app.shealth,9.14,3.7,53a11403-64bc-44a5-9dda-227f49f5f333,1,
170.0,17.0,20.0,,0.0,"30 kcal, Per 100g",,default-fatsecret-35984,152,2.0,0.6,0.23,2018-07-10 20:09:56.279,2018-07-10 20:09:56.279,0.056,0.93,0.076,2.0,Watermelon,9.42,,1.0,46.0,"cup, diced",,1nlD1Z6VIo,g,0.024,,com.sec.android.app.shealth,11.48,3.347826,03631046-85c6-4238-a475-02b40096d4a3,1,
422.0,2.0,17.0,,0.0,"89 kcal, Per 100g",,default-fatsecret-5388,118,1.0,3.1,0.39,2018-07-10 20:09:56.278,2018-07-10 20:09:56.278,0.038,1.29,0.086,2.0,Banana,14.43,,1.0,105.0,medium (7" to 7-7/8" long),,1nlD1Z6VIo,g,0.132,,com.sec.android.app.shealth,26.95,1.1222222,c42547eb-0af3-4bd2-beff-19e176833294,1,
67.0,6.0,0.0,,210.0,"102 kcal, Per 53g",,default-fatsecret-3096,46,238.0,0.0,6.76,2018-07-10 20:09:56.279,2018-07-10 20:09:56.279,2.754,6.24,1.214,5.0,Fried Egg,0.38,,3.0,89.0,large,,1nlD1Z6VIo,g,1.88,,com.sec.android.app.shealth,0.43,0.5135135,82dced7c-7fb3-4ea3-bb51-4b949441d644,1,
233.0,0.0,149.0,,0.0,"32 kcal, Per 100g",,default-fatsecret-35976,152,2.0,3.0,0.46,2018-07-10 20:09:56.279,2018-07-10 20:09:56.279,0.065,1.02,0.236,4.0,Strawberries,7.08,,2.0,49.0,"cup, halves",,1nlD1Z6VIo,g,0.023,,com.sec.android.app.shealth,11.67,3.1020408,58aaf936-9496-421c-bd61-867330c55b49,1,
,,,,120.0,"640 kcal, Per 1 burger",,fatsecret-71640,246,640.0,3.0,32.0,2018-07-10 20:32:05.853,2018-07-10 20:32:05.853,,47.0,,,Burger(Dickey's Barbecue),5.0,,,640.0,serving,,1nlD1Z6VIo,g,11.0,,com.sec.android.app.shealth,39.0,0.384375,41319548-5492-4aeb-be34-b116e97e60b8,1,
,10.0,0.0,,10.0,"290 kcal, Per 1 cup prepared",,fatsecret-2989645,62,670.0,2.0,4.5,2018-07-11 16:57:07.152,2018-07-11 16:57:07.152,,8.0,,8.0,Pasta Sides - Alfredo(Knorr),33.0,,15.0,290.0,serving,,1nlD1Z6VIo,g,2.5,0.0,com.sec.android.app.shealth,36.0,0.2137931,fa07e13c-73cc-4d89-a1dd-d1f1e8755813,1,
56.0,3.0,0.0,,10.0,"4122 kcal, Per 1114g",,fatsecret-3835,48,153.0,0.5,5.26,2018-07-12 20:58:32.017,2018-07-12 20:58:32.017,2.52,1.37,1.142,5.0,Cupcake with Icing,25.75,,4.0,178.0,cupcake (2-3/4" dia),,1nlD1Z6VIo,g,1.311,,com.sec.android.app.shealth,32.54,0.26966292,d2149e0a-d062-4124-ae08-e066b0b3a1bf,1,
,,,,40.0,"270 kcal, Per 1 burger",,fatsecret-78254,104,560.0,1.0,12.0,2018-07-11 22:37:35.617,2018-07-11 22:37:35.617,,13.0,,,Cheeseburger(Burger King),7.0,,,270.0,serving,,1nlD1Z6VIo,g,5.0,0.5,com.sec.android.app.shealth,27.0,0.38518518,40d927fe-04e0-4400-84fc-90f12fdeb13d,1,
160.0,5.0,1.0,,25.0,"218 kcal, Per 100g",,fatsecret-1131,78,55.0,0.7,7.91,2018-07-11 23:10:12.616,2018-07-11 23:10:12.616,2.206,3.06,0.466,2.0,Ice Cream Cone,17.76,,9.0,170.0,cone and single dip (or 1 small cone),,1nlD1Z6VIo,g,4.727,,com.sec.android.app.shealth,22.82,0.45882353,f21d4e3b-c586-4a22-967b-8e64344dea25,1,
4.0,4.0,4.0,,4.0,"800.0 kcal, 1",,quickinput-962448e5-b5ba-4423-b9d6-322d194556a5,0,4.0,4.0,44.0,2018-07-15 01:22:03.187,2018-07-15 01:22:03.187,,44.0,,4.0,amanda's,0.0,,4.0,800.0,serving,,1nlD1Z6VIo,120001,44.0,44.0,com.sec.android.app.shealth,44.0,1.0,b4bc442e-fc36-4219-a16f-2927e2391964,1,
,0.0,0.0,,10.0,"140 kcal, Per 55 pieces",,fatsecret-309297,30,250.0,0.9,5.0,2019-01-14 21:23:32.484,2019-01-14 21:23:32.484,2.5,3.0,1.0,6.0,Goldfish Original Crackers(Pepperidge Farm),0.0,,4.0,140.0,serving,,1nlD1Z6VIo,g,1.0,0.0,com.sec.android.app.shealth,20.0,0.21428572,c81cab5b-0995-4fb7-80a4-d4da8a07d4b4,1,
251.0,6.0,6.0,,58.0,"224 kcal, Per 100g",,fatsecret-39873,232,1104.0,,13.99,2019-01-14 21:12:40.627,2018-07-10 20:31:07.113,5.269,8.26,1.958,15.0,Pancakes with Butter and Syrup,,,13.0,520.0,cakes,,1nlD1Z6VIo,g,5.851,,com.sec.android.app.shealth,90.9,0.44615385,ddd40442-4749-4c01-bffa-832351a68c41,2,
,0.0,0.0,,0.0,"170 kcal, Per 1 bar",,fatsecret-3267390,35,140.0,2.0,8.0,2019-03-31 15:25:21.277,2019-03-31 15:25:21.277,,4.0,,2.0,Sweet & Salty Granola Bars - Peanut(Nature Valley),12.0,,0.0,170.0,serving,,1nlD1Z6VIo,g,2.5,0.0,com.sec.android.app.shealth,20.0,0.20588236,3a34ec20-696e-4ae1-bd0b-60372074d70d,1,
,4.0,0.0,,15.0,"60 kcal, Per 1 cup",,fatsecret-3128573,240,890.0,1.0,2.0,2019-03-31 17:22:01.343,2019-03-31 17:22:01.343,0.0,3.0,0.0,2.0,Classic Chicken Noodle Soup(Campbell's),1.0,,0.0,60.0,serving,,1nlD1Z6VIo,ml,0.5,0.0,com.sec.android.app.shealth,8.0,,84261e71-f0fc-4ca0-ac87-1584d23985d2,1,
450.0,,100.0,,0.0,"110 kcal, Per 1 cup",,fatsecret-96383,8,0.0,0.0,0.0,2019-03-31 17:57:41.458,2019-03-31 17:47:15.898,,2.0,,,Orange Juice (Pulp Free)(Simply Orange),22.0,,2.0,110.0,serving,,1nlD1Z6VIo,oz,0.0,0.0,com.sec.android.app.shealth,26.0,,279fd74e-8c55-4f85-bd6f-a7c107df493a,1,
,,,,,"50 kcal, Per 1 cup",,fatsecret-236913,240,110.0,,0.0,2019-03-31 17:57:41.505,2019-03-31 17:24:42.631,,0.0,,,Thirst Quencher Cool Blue Beverage(Gatorade),14.0,,,50.0,serving,,1nlD1Z6VIo,ml,,,com.sec.android.app.shealth,14.0,,3505ca8b-22cd-44af-bd84-90c2b662ccdd,1,
,0.0,0.0,,0.0,"140 kcal, Per 12 chips",,fatsecret-101204,1,150.0,1.0,7.0,2019-03-31 19:37:23.742,2019-03-31 19:37:23.742,,2.0,,2.0,Restaurant Style Tortilla Chips(Mission),0.0,,2.0,140.0,serving,,1nlD1Z6VIo,oz,2.0,0.0,com.sec.android.app.shealth,17.0,,223139a9-fad1-4809-8a05-d87b377e3cbe,1,
30.0,,,,0.0,"110 kcal, Per 1 slice",,fatsecret-21652651,38,190.0,,1.5,2019-03-31 19:43:51.353,2019-03-31 19:43:51.353,0.0,3.0,0.0,6.0,Artesano Bakery Bread(Sara Lee),2.0,,4.0,110.0,serving,,1nlD1Z6VIo,g,0.0,0.0,com.sec.android.app.shealth,20.0,0.34545454,43de10dc-6ca9-4918-972e-d6f51abe0c40,1,
,,,,0.0,"50 kcal, Per 1 tbsp",,fatsecret-626157,20,0.0,0.0,0.0,2019-03-31 19:43:51.352,2019-03-31 19:43:51.352,,0.0,,,Seedless Strawberry Jam(Smucker's),12.0,,,50.0,serving,,1nlD1Z6VIo,g,,,com.sec.android.app.shealth,13.0,0.4,2cb019b1-bb28-4e99-a27c-f32137ad5ed1,1,
,,,,5.0,"70 kcal, Per 1 bottle",,fatsecret-522577,3,30.0,,0.5,2019-03-31 21:48:08.128,2019-03-31 21:47:21.001,,2.0,,,Danimals Smoothie - Swingin' Strawberry-Banana(Dannon),14.0,,25.0,70.0,serving,,1nlD1Z6VIo,oz,0.0,,com.sec.android.app.shealth,15.0,,87682f35-b8b6-4be1-a22a-64355177ea77,1,
,4.0,0.0,,30.0,"330 kcal, Per 1 package",,fatsecret-2503626,0,580.0,0.0,16.0,2019-03-31 21:53:24.565,2019-03-31 21:53:24.565,,10.0,,10.0,Lunchables Turkey & American with Oreo Cookies(Oscar Mayer),17.0,,15.0,330.0,serving,,1nlD1Z6VIo,,6.0,0.5,com.sec.android.app.shealth,37.0,,81a42029-edcf-499c-bb16-32a9b4c184c4,1,
,20.0,15.0,,10.0,"380 kcal, Per 1 package",,fatsecret-1982912,125,950.0,4.0,21.0,2019-03-31 23:12:28.785,2019-03-31 23:12:28.785,,6.0,,4.0,Lunchables Nachos Cheese Dip & Salsa(Oscar Mayer),3.0,,15.0,380.0,serving,,1nlD1Z6VIo,ml,4.5,0.0,com.sec.android.app.shealth,42.0,,a39fa455-46a0-402a-a37b-ff5dee13ac01,1,
0.0,0.0,0.0,,0.0,"110.0 kcal, 1",,quickinput-699b6d22-8982-429d-9b7b-73fda3099039,1,0.0,2.0,0.0,2019-05-07 22:14:25.015,2019-05-07 22:14:17.207,,3.0,,6.0,Potatoes ,1.0,,0.0,110.0,serving,,1nlD1Z6VIo,120001,0.0,0.0,com.sec.android.app.shealth,26.0,1.0,5541698b-a469-420c-aea8-1e3cf7733137,1,
366.0,9.0,1.0,,20.0,"50 kcal, Per 100g",,fatsecret-800,244,100.0,0.0,4.81,2019-05-07 22:20:05.731,2019-05-07 22:20:05.731,1.366,8.05,0.178,0.0,2% Fat Milk,12.35,,28.0,122.0,cup,,1nlD1Z6VIo,g,3.067,,com.sec.android.app.shealth,11.42,2.0,d8e80b40-8b0d-427c-82d8-31cd5a3f47f0,1,
0.0,0.0,0.0,,0.0,"0 kcal, Per 100g",,fatsecret-37922,237,5.0,0.0,0.0,2019-05-06 14:05:21.218,2019-05-06 14:04:43.521,0.0,0.0,0.0,0.0,Water,0.0,,0.0,0.0,cup (8 fl oz),,1nlD1Z6VIo,g,0.0,,com.sec.android.app.shealth,0.0,,8113beb9-5811-4e6e-a64d-d72bfac4702a,1,
0.0,0.0,7.0,,0.0,,,fatsecret-60181,113,280.0,5.0,18.0,2019-05-06 21:35:57.077,2019-05-06 21:35:57.077,0.0,5.0,0.0,6.0,Waffle Potato Fries (Medium)(Chick-fil-A),0.0,,2.0,360.0,serving,,1nlD1Z6VIo,g,0.0,0.0,com.sec.android.app.shealth,43.0,0.31388888,47db9aed-d77b-4869-b533-34581675760f,1,
,0.0,0.0,,55.0,"200 kcal, Per 1 serving",,fatsecret-942545,57,790.0,1.0,10.0,2019-05-06 21:34:35.809,2019-05-06 21:34:35.809,,21.0,,,Chicken Nuggets (6 Count)(Chick-fil-A),1.0,,,200.0,serving,,1nlD1Z6VIo,g,2.0,0.0,com.sec.android.app.shealth,7.0,0.285,a22c5ffb-d71d-475e-bb4d-6892f5d07888,1,
,0.0,4.0,,75.0,"260 kcal, Per 1 serving",,fatsecret-27279,4,980.0,1.0,12.0,2019-05-06 22:04:58.954,2019-05-06 22:04:58.954,,28.0,,6.0,Chicken Nuggets (8 Count)(Chick-fil-A),0.0,,2.0,260.0,serving,,1nlD1Z6VIo,oz,2.5,0.0,com.sec.android.app.shealth,9.0,,9f4456a1-6008-42cf-855c-dd18821e9b50,1,
50.0,0.0,0.0,,0.0,"150 kcal, Per 12 chips",,fatsecret-8843673,28,210.0,1.0,8.0,2019-05-07 22:02:56.767,2019-05-07 22:02:56.767,0.0,2.0,0.0,0.0,Nacho Cheese Tortilla Chips (28g)(Doritos),0.0,,2.0,150.0,serving,,1nlD1Z6VIo,g,1.0,0.0,com.sec.android.app.shealth,18.0,0.18666667,0f077b3f-a56e-452d-b639-2397a7404e91,1,
0.0,0.0,0.0,,0.0,"247 kcal, Per 100g",,fatsecret-7466,4,0.0,0.1,0.01,2019-05-06 14:26:53.527,2019-05-06 14:26:53.527,0.003,0.0,0.005,0.0,Chewing Gum (Sugared),2.64,,0.0,10.0,piece,,1nlD1Z6VIo,g,0.002,,com.sec.android.app.shealth,2.64,0.4,ceeacb6c-ae41-4ae7-aed5-2899ebc7367f,1,
,,,,,"120 kcal, Per 1 roll",,fatsecret-707481,0,105.0,1.0,1.0,2019-09-05 02:31:16.608,2019-09-05 02:31:16.608,,4.0,,,Dinner Rolls(Texas Roadhouse),3.0,,,120.0,serving,,1nlD1Z6VIo,,,,com.sec.android.app.shealth,24.0,,39046380-b94f-4e0f-9cee-66d7fbeace09,1,
503.0,,,,20.0,"309 kcal, Per 1 potato",,fatsecret-251396,0,148.0,5.0,8.0,2019-09-05 02:31:16.610,2019-09-05 02:31:16.610,2.0,3.0,,,Loaded Sweet Potato(Texas Roadhouse),31.0,,,309.0,serving,,1nlD1Z6VIo,,5.0,,com.sec.android.app.shealth,59.0,,deb32dd5-7a5c-48cb-80da-9c60a2093772,1,
,,,,,"250 kcal, Per 1 serving",,fatsecret-19370047,6,,1.0,6.0,2019-09-05 02:31:16.608,2019-09-05 02:31:16.608,,46.0,,,Sirloin Steak (6 oz)(Texas Roadhouse),,,,250.0,serving,,1nlD1Z6VIo,oz,,,com.sec.android.app.shealth,3.0,,1d28251b-5b7c-47fe-a582-b94f0c5dc4ad,1,
0.0,0.0,0.0,,0.0,"240 kcal, Per 1 bottle",,fatsecret-607827,20,70.0,0.0,0.0,2019-09-05 02:31:16.611,2019-09-05 02:31:16.611,0.0,0.0,0.0,0.0,Pibb Xtra (20 oz)(Coca-Cola),64.0,,0.0,240.0,serving,,1nlD1Z6VIo,oz,0.0,0.0,com.sec.android.app.shealth,65.0,,f9eae7de-a3c4-408f-8e92-74a0008e8ab9,1,
0.0,0.0,0.0,,0.0,"125 kcal, Per 1 1/2 tbsp",,fatsecret-664542,0,0.0,0.0,12.0,2019-09-05 02:31:16.609,2019-09-05 02:31:16.609,0.0,0.0,0.0,0.0,Cinnamon Butter(Texas Roadhouse),0.0,,0.0,125.0,serving,,1nlD1Z6VIo,,0.0,0.0,com.sec.android.app.shealth,5.0,,fe315033-94dd-4bb6-8082-fa3d1e3f6391,1,
422.0,2.0,17.0,,0.0,"89 kcal, Per 100g",,fatsecret-5388,118,1.0,3.1,0.39,2019-09-05 02:31:40.004,2019-09-05 02:31:40.004,0.038,1.29,0.086,2.0,Banana,14.43,,1.0,105.0,medium (7" to 7-7/8" long),,1nlD1Z6VIo,g,0.132,,com.sec.android.app.shealth,26.95,1.1222222,01f60f05-48fb-4240-b700-2661082b00ef,1,
508.0,0.0,28.0,,0.0,"121 kcal, Per 132g",,fatsecret-5721,131,376.0,2.0,0.13,2019-09-11 00:00:15.739,2019-09-11 00:00:15.739,0.003,2.55,0.057,3.0,Baked Potato (Peel Not Eaten),2.21,,1.0,121.0,"medium (2-1/4"" to 3"" dia, raw)",,1nlD1Z6VIo,g,0.034,,com.sec.android.app.shealth,28.02,1.0824742,95306651-bafa-4c58-a511-f17d491b6941,1,
,20.0,6.0,,85.0,"660 kcal, Per 1 milkshake",,fatsecret-86531,16,510.0,1.0,31.0,2019-09-11 00:01:57.235,2019-05-06 21:34:35.809,,16.0,,15.0,Cookies & Cream Milkshake (Large)(Chick-fil-A),89.0,,50.0,660.0,serving,,1nlD1Z6VIo,oz,15.0,0.0,com.sec.android.app.shealth,94.0,,79e73ac0-02e9-4eab-b73e-7744749ba953,1,
148.0,1.0,11.0,,0.0,"52 kcal, Per 100g",,fatsecret-35718,138,1.0,3.3,0.23,2019-09-11 00:14:03.975,2019-09-11 00:14:03.975,0.01,0.36,0.07,1.0,Apples,14.34,,1.0,72.0,medium (2-3/4" dia) (approx 3 per lb),,1nlD1Z6VIo,g,0.039,,com.sec.android.app.shealth,19.06,1.9230769,93e98980-b028-46a2-8c08-55c8594621b5,1,
,0.0,2.0,,30.0,"440 kcal, Per 1 biscuit",,fatsecret-43234,0,1250.0,5.0,20.0,2019-09-11 00:01:57.261,2019-09-11 00:01:57.261,,16.0,,15.0,Chicken Biscuit(Chick-fil-A),5.0,,8.0,440.0,serving,,1nlD1Z6VIo,,8.0,0.0,com.sec.android.app.shealth,48.0,,cf71ce6d-3fa7-4fc8-964e-da2b8f9b2b1f,1,
0.0,0.0,0.0,,0.0,"250.0 kcal, 1",,quickinput-4d4ec477-ba2d-4159-8110-6fcfc341e1f9,1,0.0,0.0,0.0,2019-09-11 00:01:08.297,2019-05-07 22:19:05.215,,0.0,,0.0,Butter,0.0,,0.0,250.0,serving,,1nlD1Z6VIo,120001,0.0,0.0,com.sec.android.app.shealth,0.0,1.0,145169f9-75d3-412a-b632-bffa0de185cc,1,
0.0,0.0,0.0,,0.0,"400.0 kcal, 1",,quickinput-7b666acd-1fcb-4419-a20f-7b25ea95111f,1,0.0,0.0,0.0,2019-09-12 23:03:56.571,2019-09-12 23:03:49.406,,0.0,,0.0,Dinner,0.0,,0.0,400.0,serving,,1nlD1Z6VIo,120001,0.0,0.0,com.sec.android.app.shealth,0.0,1.0,c7b9e8bd-9a6d-4dc2-aa70-63655e394946,1,
234.0,0.0,0.0,,70.0,"271 kcal, Per 100g",,fatsecret-40407,77,58.0,0.0,13.72,2019-09-11 00:00:15.740,2019-09-11 00:00:15.740,6.082,19.83,0.398,11.0,"Ground Beef (80% Lean / 20% Fat, Patty, Cooked, Broiled)",0.0,,2.0,209.0,patty,,1nlD1Z6VIo,g,5.21,0.958,com.sec.android.app.shealth,0.0,0.36842105,9dad6048-0150-4e38-9a64-6865987a1c8e,1,
,6.0,0.0,,25.0,"110 kcal, Per 1/4 cup",,fatsecret-84680,28,180.0,0.0,9.0,2019-09-11 00:01:08.358,2019-09-11 00:01:08.358,,6.0,,0.0,Finely Shredded Mild Cheddar Cheese(Kraft),0.0,,20.0,110.0,serving,,1nlD1Z6VIo,g,6.0,,com.sec.android.app.shealth,1.0,0.25454545,48b9859e-3984-4969-a18d-562dc54ce3eb,1,
31.0,0.0,0.0,,0.0,"293 kcal, Per 100g",,fatsecret-3423,24,142.0,0.6,0.96,2019-09-16 17:02:29.056,2019-01-14 21:12:53.762,0.191,2.16,0.502,4.0,Toasted Bread,1.14,,3.0,70.0,regular slice,,1nlD1Z6VIo,g,0.139,,com.sec.android.app.shealth,13.06,0.34,f2d496c8-401b-4664-82e0-3b90a91c1227,1,
,0.0,0.0,,0.0,"150 kcal, Per 4 cookies",,fatsecret-4057367,31,115.0,0.0,6.0,2019-09-16 17:03:15.575,2019-03-31 23:13:00.146,,2.0,,,Cookies(Biscoff),12.0,,0.0,150.0,serving,,1nlD1Z6VIo,g,3.0,,com.sec.android.app.shealth,23.0,0.20666666,ab5a7010-88c4-4979-989b-7d7089bca35a,1,
0.0,0.0,0.0,,0.0,"50.0 kcal, 1",,quickinput-079045ee-b1cd-474b-a62d-4dc66fe2b613,1,0.0,0.0,0.0,2019-09-16 17:04:05.816,2019-09-16 17:02:50.214,,0.0,,0.0,Cheez-it small,0.0,,0.0,50.0,serving,,1nlD1Z6VIo,120001,0.0,0.0,com.sec.android.app.shealth,0.0,1.0,994e7452-b3aa-447e-b133-643eda4a185e,1,
0.0,0.0,0.0,,0.0,"70.0 kcal, 1",,quickinput-a30fefc2-d465-45e2-a28c-4bceeb9ad9d2,1,0.0,0.0,0.0,2019-09-16 17:04:05.884,2019-09-16 17:03:39.490,,0.0,,0.0,Biscoff ,0.0,,0.0,70.0,serving,,1nlD1Z6VIo,120001,0.0,0.0,com.sec.android.app.shealth,0.0,1.0,48514484-a328-422d-9e38-2ffd73c58943,1,
366.0,10.0,0.0,,12.0,"42 kcal, Per 100g",,fatsecret-33755,244,107.0,0.0,2.37,2019-09-16 17:04:05.940,2019-09-16 17:04:05.940,0.676,8.22,0.085,0.0,Milk (1% Lowfat with Added Vitamin A),12.69,,29.0,102.0,cup,,1nlD1Z6VIo,g,1.545,,com.sec.android.app.shealth,12.18,2.3921568,7d527467-b748-4b71-a283-8f6ec25592a8,1,
0.0,0.0,0.0,,0.0,"0 kcal, Per 100g",,fatsecret-33908,0,155.0,0.0,0.0,2019-09-23 13:42:10.815,2019-09-23 13:42:10.815,0.0,0.0,0.0,0.0,Salt,0.0,,0.0,0.0,dash,,1nlD1Z6VIo,g,0.0,,com.sec.android.app.shealth,0.0,,430b745c-1a2b-4eb6-9e83-4ef775f9735b,1,
0.0,0.0,0.0,,0.0,"884 kcal, Per 100g",,fatsecret-283520,14,0.0,0.0,13.5,2019-09-23 13:42:10.817,2019-09-23 13:42:10.817,9.85,0.0,1.421,0.0,Extra Virgin Olive Oil,0.0,,0.0,119.0,tablespoon,,1nlD1Z6VIo,g,1.864,,com.sec.android.app.shealth,0.0,0.11314824,213fcf7f-8b16-4661-9694-1d9f59c4b9a3,1,
0.0,0.0,0.0,,0.0,"130.0 kcal, 1",,quickinput-24cd3012-9e09-4c8c-a2f8-674cebf194df,1,0.0,0.0,0.0,2019-09-23 13:34:38.953,2019-09-23 13:32:43.930,,0.0,,0.0,Milk,0.0,,0.0,130.0,serving,,1nlD1Z6VIo,120001,0.0,0.0,com.sec.android.app.shealth,0.0,1.0,01d7fae9-7f7d-40ff-a516-cec691d7a9cc,1,
1.0,0.0,0.0,,0.0,"255 kcal, Per 100g",,fatsecret-33892,0,0.0,0.0,0.0,2019-09-23 13:42:10.816,2019-09-23 13:42:10.816,0.001,0.01,0.001,0.0,Black Pepper,0.0,,0.0,0.0,dash,,1nlD1Z6VIo,g,0.001,,com.sec.android.app.shealth,0.06,0.4,0ca08e04-d70d-4578-9843-925684b9cdda,1,
400.0,10.0,4.0,,20.0,"130 kcal, Per 1 cup",,fatsecret-11075450,240,130.0,,5.0,2019-09-23 13:40:01.170,2019-09-23 13:40:01.170,,8.0,,,2% Milk(Dairy Pure),12.0,,30.0,130.0,serving,,1nlD1Z6VIo,ml,3.0,,com.sec.android.app.shealth,12.0,,6fed579b-bf5b-40d5-b8da-12fb9d322585,1,
0.0,6.0,,,200.0,"70 kcal, Per 1 egg",,fatsecret-65700,56,75.0,0.0,4.5,2019-09-23 13:34:39.011,2019-09-23 13:34:39.011,0.0,7.0,0.0,4.0,Extra Large Grade A Eggs(Eggland's Best),0.0,,2.0,70.0,serving,,1nlD1Z6VIo,g,1.0,0.0,com.sec.android.app.shealth,0.0,0.8,9acadc6b-bbea-4525-b95b-931e9fb1a0c6,1,
233.0,0.0,149.0,,0.0,"32 kcal, Per 100g",,default-fatsecret-35976,152,2.0,3.0,0.46,2021-04-09 03:05:47.152,2021-04-09 03:05:47.152,0.065,1.02,0.236,4.0,Strawberries,7.08,,2.0,49.0,"cup, halves",,YijWzsdisX,g,0.023,,com.sec.android.app.shealth,11.67,3.1020408,0cb85b0b-17d2-4e72-8d2c-4d165b7f7a8f,1,
0.0,0.0,0.0,,0.0,"0 kcal, Per 100g",,default-fatsecret-37922,237,5.0,0.0,0.0,2021-04-09 03:05:47.160,2021-04-09 03:05:47.160,0.0,0.0,0.0,0.0,Water,0.0,,0.0,0.0,cup (8 fl oz),,YijWzsdisX,g,0.0,,com.sec.android.app.shealth,0.0,,ed97d41f-f92e-498a-a671-007140831442,1,
366.0,9.0,1.0,,20.0,"50 kcal, Per 100g",,default-fatsecret-800,244,100.0,0.0,4.81,2021-04-09 03:05:47.157,2021-04-09 03:05:47.157,1.366,8.05,0.178,0.0,2% Fat Milk,12.35,,28.0,122.0,cup,,YijWzsdisX,g,3.067,,com.sec.android.app.shealth,11.42,2.0,bd331a65-8adc-4cca-862c-490db83620b9,1,
422.0,2.0,17.0,,0.0,"89 kcal, Per 100g",,default-fatsecret-5388,118,1.0,3.1,0.39,2021-04-09 03:05:47.142,2021-04-09 03:05:47.142,0.038,1.29,0.086,2.0,Banana,14.43,,1.0,105.0,medium (7" to 7-7/8" long),,YijWzsdisX,g,0.132,,com.sec.android.app.shealth,26.95,1.1222222,43555b37-6381-4e59-86e8-64178c294166,1,
67.0,6.0,0.0,,210.0,"102 kcal, Per 53g",,default-fatsecret-3096,46,238.0,0.0,6.76,2021-04-09 03:05:47.145,2021-04-09 03:05:47.145,2.754,6.24,1.214,5.0,Fried Egg,0.38,,3.0,89.0,large,,YijWzsdisX,g,1.88,,com.sec.android.app.shealth,0.43,0.5135135,e62b09bf-737a-4704-a3ee-6d89f1edd525,1,
301.0,0.0,2.0,,68.0,"110 kcal, Per 100g",,default-fatsecret-4881229,118,77.0,0.0,1.46,2021-04-09 03:05:47.154,2021-04-09 03:05:47.154,0.354,27.25,0.33,5.0,Skinless Chicken Breast,0.0,,1.0,130.0,"breast, bone and skin removed",,YijWzsdisX,g,0.389,0.024,com.sec.android.app.shealth,0.0,0.9076923,dd770677-17bd-449b-a5df-b17b2845bc1f,1,
,0.0,0.0,,0.0,"140 kcal, Per 1 can",,default-fatsecret-3650710,12,45.0,0.0,0.0,2021-04-09 03:05:47.156,2021-04-09 03:05:47.156,0.0,0.0,0.0,0.0,Coco-Cola Classic (12 oz)(Coca-Cola),39.0,,0.0,140.0,serving,,YijWzsdisX,oz,0.0,0.0,com.sec.android.app.shealth,39.0,,6ffd0ff7-7f40-4029-92ca-e4301d0811bf,1,
0.0,0.0,0.0,,0.0,"0 kcal, Per 100g",,default-fatsecret-37922,237,5.0,0.0,0.0,2021-04-09 03:05:47.156,2021-04-09 03:05:47.156,0.0,0.0,0.0,0.0,Water,0.0,,0.0,0.0,cup (8 fl oz),,YijWzsdisX,g,0.0,,com.sec.android.app.shealth,0.0,,356f50eb-3ac3-4d33-ba1c-2a3db9d0d0d4,1,
,0.0,0.0,,0.0,"140 kcal, Per 1 can",,default-fatsecret-3650710,12,45.0,0.0,0.0,2021-04-09 03:05:47.161,2021-04-09 03:05:47.161,0.0,0.0,0.0,0.0,Coco-Cola Classic (12 oz)(Coca-Cola),39.0,,0.0,140.0,serving,,YijWzsdisX,oz,0.0,0.0,com.sec.android.app.shealth,39.0,,c63cfd55-823f-4558-a849-04652fc2540e,1,
67.0,6.0,0.0,,210.0,"102 kcal, Per 53g",,default-fatsecret-3096,46,238.0,0.0,6.76,2021-04-09 03:05:47.153,2021-04-09 03:05:47.153,2.754,6.24,1.214,5.0,Fried Egg,0.38,,3.0,89.0,large,,YijWzsdisX,g,1.88,,com.sec.android.app.shealth,0.43,0.5135135,fabee59b-11a1-4533-a639-ed2b92a46abf,1,
86.0,0.0,0.0,,0.0,"49 kcal, Per 175g",,default-fatsecret-2479597,177,11.0,0.0,1.42,2021-04-09 03:05:47.155,2021-04-09 03:05:47.155,0.04,0.38,0.004,0.0,Coffee with Cream and Sugar,8.51,,0.0,50.0,coffee cup (6 fl oz),,YijWzsdisX,g,1.295,,com.sec.android.app.shealth,9.14,3.7,52707e21-e3fc-4e18-b3e9-d27d5809adf4,1,
366.0,9.0,1.0,,20.0,"50 kcal, Per 100g",,default-fatsecret-800,244,100.0,0.0,4.81,2021-04-09 03:05:47.161,2021-04-09 03:05:47.161,1.366,8.05,0.178,0.0,2% Fat Milk,12.35,,28.0,122.0,cup,,YijWzsdisX,g,3.067,,com.sec.android.app.shealth,11.42,2.0,2f0946c1-76b6-4a83-83f4-bd92eb74db7a,1,
170.0,17.0,20.0,,0.0,"30 kcal, Per 100g",,default-fatsecret-35984,152,2.0,0.6,0.23,2021-04-09 03:05:47.151,2021-04-09 03:05:47.151,0.056,0.93,0.076,2.0,Watermelon,9.42,,1.0,46.0,"cup, diced",,YijWzsdisX,g,0.024,,com.sec.android.app.shealth,11.48,3.347826,32b3b59c-acc1-4cc9-a29d-4a32dcc3a2e6,1,
111.0,0.0,0.0,,0.0,"1 kcal, Per 100g",,default-fatsecret-7331,237,5.0,0.0,0.05,2021-04-09 03:05:47.148,2021-04-09 03:05:47.148,0.028,0.28,0.002,0.0,Coffee,0.0,,0.0,2.0,mug (8 fl oz),,YijWzsdisX,g,0.005,,com.sec.android.app.shealth,0.09,88.5,722b0736-444f-4a53-b2e1-f11fe39ae6e1,1,
301.0,0.0,2.0,,68.0,"110 kcal, Per 100g",,default-fatsecret-4881229,118,77.0,0.0,1.46,2021-04-09 03:05:47.146,2021-04-09 03:05:47.146,0.354,27.25,0.33,5.0,Skinless Chicken Breast,0.0,,1.0,130.0,"breast, bone and skin removed",,YijWzsdisX,g,0.389,0.024,com.sec.android.app.shealth,0.0,0.9076923,39acb39f-ffa5-4baa-8420-d23aca027bd0,1,
422.0,2.0,17.0,,0.0,"89 kcal, Per 100g",,default-fatsecret-5388,118,1.0,3.1,0.39,2021-04-09 03:05:47.151,2021-04-09 03:05:47.151,0.038,1.29,0.086,2.0,Banana,14.43,,1.0,105.0,medium (7" to 7-7/8" long),,YijWzsdisX,g,0.132,,com.sec.android.app.shealth,26.95,1.1222222,238fa7ee-caaa-4c94-83c7-944595fab5fd,1,
111.0,0.0,0.0,,0.0,"1 kcal, Per 100g",,default-fatsecret-7331,237,5.0,0.0,0.05,2021-04-09 03:05:47.155,2021-04-09 03:05:47.155,0.028,0.28,0.002,0.0,Coffee,0.0,,0.0,2.0,mug (8 fl oz),,YijWzsdisX,g,0.005,,com.sec.android.app.shealth,0.09,88.5,23bc2398-ca15-4485-ac8a-698a4496e15f,1,
170.0,17.0,20.0,,0.0,"30 kcal, Per 100g",,default-fatsecret-35984,152,2.0,0.6,0.23,2021-04-09 03:05:47.143,2021-04-09 03:05:47.143,0.056,0.93,0.076,2.0,Watermelon,9.42,,1.0,46.0,"cup, diced",,YijWzsdisX,g,0.024,,com.sec.android.app.shealth,11.48,3.347826,f054ba92-5c3c-48f3-952f-82ffb739dcb9,1,
233.0,0.0,149.0,,0.0,"32 kcal, Per 100g",,default-fatsecret-35976,152,2.0,3.0,0.46,2021-04-09 03:05:47.144,2021-04-09 03:05:47.144,0.065,1.02,0.236,4.0,Strawberries,7.08,,2.0,49.0,"cup, halves",,YijWzsdisX,g,0.023,,com.sec.android.app.shealth,11.67,3.1020408,24103e7d-9806-4795-b93f-19fa645034bf,1,
86.0,0.0,0.0,,0.0,"49 kcal, Per 175g",,default-fatsecret-2479597,177,11.0,0.0,1.42,2021-04-09 03:05:47.147,2021-04-09 03:05:47.147,0.04,0.38,0.004,0.0,Coffee with Cream and Sugar,8.51,,0.0,50.0,coffee cup (6 fl oz),,YijWzsdisX,g,1.295,,com.sec.android.app.shealth,9.14,3.7,e3e09391-7c08-49d1-8b2a-4bc1fd12ed67,1,
301.0,0.0,2.0,0.0,68.0,"110 kcal, Per 100g",,default-fatsecret-4881229,118,77.0,0.0,1.46,2024-04-07 20:31:51.498,2024-04-07 20:31:51.498,0.354,27.25,0.33,5.0,Skinless Chicken Breast,0.0,0.0,1.0,130.0,"breast, bone and skin removed",,OKVbQxqZP/,g,0.389,0.024,com.sec.android.app.shealth,0.0,0.9076923,b3f55505-bd40-4d6c-8c18-30a93cbaafd9,1,
86.0,0.0,0.0,0.0,0.0,"49 kcal, Per 175g",,default-fatsecret-2479597,177,11.0,0.0,1.42,2024-04-07 20:31:51.498,2024-04-07 20:31:51.498,0.04,0.38,0.004,0.0,Coffee with Cream and Sugar,8.51,0.0,0.0,50.0,coffee cup (6 fl oz),,OKVbQxqZP/,g,1.295,,com.sec.android.app.shealth,9.14,3.7,2a683cd7-cdab-4370-bd5e-e599ac917f4b,1,
111.0,0.0,0.0,0.0,0.0,"1 kcal, Per 100g",,default-fatsecret-7331,237,5.0,0.0,0.05,2024-04-07 20:31:51.498,2024-04-07 20:31:51.498,0.028,0.28,0.002,0.0,Coffee,0.0,0.0,0.0,2.0,mug (8 fl oz),,OKVbQxqZP/,g,0.005,,com.sec.android.app.shealth,0.09,88.5,149f07b9-20af-4c37-a08e-15e8a183aad7,1,
0.0,0.0,0.0,0.0,0.0,"0 kcal, Per 100g",,default-fatsecret-37922,237,5.0,0.0,0.0,2024-04-07 20:31:51.498,2024-04-07 20:31:51.498,0.0,0.0,0.0,0.0,Water,0.0,0.0,0.0,0.0,cup (8 fl oz),,OKVbQxqZP/,g,0.0,,com.sec.android.app.shealth,0.0,,ecf98a0d-9dd9-4f2d-9ff4-fc6a2d4ffdac,1,
422.0,2.0,17.0,0.0,0.0,"89 kcal, Per 100g",,default-fatsecret-5388,118,1.0,3.1,0.39,2024-04-07 20:31:51.498,2024-04-07 20:31:51.498,0.038,1.29,0.086,2.0,Banana,14.43,0.0,1.0,105.0,medium (7" to 7-7/8" long),,OKVbQxqZP/,g,0.132,,com.sec.android.app.shealth,26.95,1.1222222,28f41793-d9d7-4aae-852c-9880c3eb1b19,1,
170.0,17.0,20.0,0.0,0.0,"30 kcal, Per 100g",,default-fatsecret-35984,152,2.0,0.6,0.23,2024-04-07 20:31:51.498,2024-04-07 20:31:51.498,0.056,0.93,0.076,2.0,Watermelon,9.42,0.0,1.0,46.0,"cup, diced",,OKVbQxqZP/,g,0.024,,com.sec.android.app.shealth,11.48,3.347826,836b82ea-13b5-4d1b-a62e-a3fefb54cdb9,1,
233.0,0.0,149.0,0.0,0.0,"32 kcal, Per 100g",,default-fatsecret-35976,152,2.0,3.0,0.46,2024-04-07 20:31:51.498,2024-04-07 20:31:51.498,0.065,1.02,0.236,4.0,Strawberries,7.08,0.0,2.0,49.0,"cup, halves",,OKVbQxqZP/,g,0.023,,com.sec.android.app.shealth,11.67,3.1020408,c336316c-ce09-462b-a02a-595b1bd117ff,1,
366.0,9.0,1.0,0.0,20.0,"50 kcal, Per 100g",,default-fatsecret-800,244,100.0,0.0,4.81,2024-04-07 20:31:51.498,2024-04-07 20:31:51.498,1.366,8.05,0.178,0.0,2% Fat Milk,12.35,0.0,28.0,122.0,cup,,OKVbQxqZP/,g,3.067,,com.sec.android.app.shealth,11.42,2.0,1c6b5c3a-7eb2-4641-9e34-143a8a037181,1,
67.0,6.0,0.0,0.0,210.0,"102 kcal, Per 53g",,default-fatsecret-3096,46,238.0,0.0,6.76,2024-04-07 20:31:51.498,2024-04-07 20:31:51.498,2.754,6.24,1.214,5.0,Fried Egg,0.38,0.0,3.0,89.0,large,,OKVbQxqZP/,g,1.88,,com.sec.android.app.shealth,0.43,0.5135135,55ae66f2-ac36-4e00-9d32-1db101510e90,1,
,0.0,0.0,0.0,0.0,"140 kcal, Per 1 can",,default-fatsecret-3650710,12,45.0,0.0,0.0,2024-04-07 20:31:51.498,2024-04-07 20:31:51.498,0.0,0.0,0.0,0.0,Coco-Cola Classic (12 oz)(Coca-Cola),39.0,0.0,0.0,140.0,serving,,OKVbQxqZP/,oz,0.0,0.0,com.sec.android.app.shealth,39.0,,57808ddb-0dea-4964-b8af-4e9266da74f4,1,
110.0,0.0,0.0,0.0,4.0,"200 kcal, Per 1 package",,fatsecret-7236536,38,310.0,,11.0,2024-04-30 16:13:08.821,2024-04-30 16:13:08.821,6.0,2.0,2.0,5.5555553,Cheese Cracker Sandwiches(Ritz),5.0,2.0,6.1538463,200.0,serving,,OKVbQxqZP/,g,3.0,0.0,com.sec.android.app.shealth,22.0,0.19,fc0744b1-d405-4685-9432-7034e288d603,1,
50.0,0.0,0.0,0.0,0.0,"130 kcal, Per 2 cracker sheets",,fatsecret-309383,30,135.0,1.0,3.5,2024-04-30 18:17:00.864,2024-04-30 18:17:00.864,0.5,2.0,1.5,5.5555553,Grahams Crackers Original(Nabisco),7.0,7.0,1.5384616,130.0,serving,,OKVbQxqZP/,g,1.0,0.0,com.sec.android.app.shealth,23.0,0.23076923,b8ec1875-1dae-4392-b54b-1879103c8dcd,1,
110.0,0.0,0.0,0.0,0.0,"220 kcal, Per 1 pack",,fatsecret-10008301,42,220.0,1.0,12.0,2024-04-30 18:20:34.486,2024-04-30 18:20:34.486,,3.0,,0.0,Ritz Bits Cheese (42g)(Ritz),6.0,,0.0,220.0,serving,,OKVbQxqZP/,g,4.0,0.0,com.sec.android.app.shealth,26.0,0.19090909,d33236d6-d81a-41d3-b41a-332399e9d71f,1,
420.0,0.0,0.0,0.0,10.0,"150 kcal, Per 1 cup",,fatsecret-4688256,240,160.0,0.0,2.5,2024-05-02 10:59:03.070,2024-05-02 10:59:03.070,,8.0,,0.0,Lowfat Chocolate Milk(Nesquik),24.0,,0.0,150.0,serving,,OKVbQxqZP/,ml,1.5,0.0,com.sec.android.app.shealth,25.0,,06e9b77f-a893-4f8e-b66a-881fc3eb83e0,1,
55.0,0.0,0.0,0.0,0.0,,,fatsecret-57573,30,75.0,1.0,0.0,2025-01-01 22:09:14.752,2025-01-01 22:09:14.752,,0.0,,0.0,Medium Salsa(Tostitos),1.0,,0.30769232,10.0,serving,,OKVbQxqZP/,ml,,,com.sec.android.app.shealth,2.0,,401db7d0-8e4b-4b20-9508-99f80a596e01,1,
314.0,8.666667,25.222221,0.0,0.0,,,fatsecret-1011843,280,0.0,1.0,0.0,2025-01-01 22:10:22.055,2025-01-01 22:10:22.055,,1.0,,3.7222223,Seedless Watermelon(Pure Heart),20.0,,1.5384616,80.0,serving,,OKVbQxqZP/,g,,,com.sec.android.app.shealth,21.0,3.5,ce74b19c-3308-4492-9848-6f52737d0f8d,1,
37.0,0.0,0.0,0.0,0.0,,,fatsecret-39048,28,146.0,0.8,2.04,2025-01-02 00:06:13.156,2025-01-02 00:06:13.156,1.037,2.35,0.339,4.888889,Dinner Rolls,0.73,,2.5384614,84.0,"roll (pan, dinner, or small roll) (2"" square, 2"" high)",,OKVbQxqZP/,g,0.491,,com.sec.android.app.shealth,14.11,0.33333334,dac927ff-1329-4107-b743-afa2ba1c1061,1,
,0.0,0.0,0.0,0.0,,,fatsecret-248876,15,10.0,0.0,0.0,2024-12-28 15:55:44.826,2024-12-28 15:55:44.826,,0.0,,0.0,Peppermint Starlight Mints(Great Value),10.0,,0.0,60.0,serving,,OKVbQxqZP/,g,0.0,,com.sec.android.app.shealth,15.0,0.25,7802df9b-3ee4-4024-ab62-a7eb52f35117,1,
0.0,0.0,0.0,0.0,25.0,,,fatsecret-2618932,53,510.0,0.0,1.5,2025-01-02 00:04:11.683,2025-01-02 00:04:11.683,0.0,10.0,0.0,2.2222223,Honey Ham(Hillshire Farm),3.0,0.0,0.0,70.0,serving,,OKVbQxqZP/,g,0.5,0.0,com.sec.android.app.shealth,4.0,0.75714284,b28a6626-52eb-4ee0-a750-1c07ffd056a8,1,
170.0,0.0,0.0,,0.0,"200 kcal, Per 2 tbsp ",,fatsecret-49842,34,115.0,2.0,15.0,2025-01-01 17:02:36.128,2019-03-31 19:43:51.351,,7.0,,2.0,Honey Roasted Crunchy Peanut Butter(Peter Pan),7.0,,0.0,200.0,serving,,OKVbQxqZP/,g,3.0,0.0,com.sec.android.app.shealth,11.0,0.17,012dd77b-2854-4852-973b-dbc1bd9bb9a7,1,
617.0,8.111111,14.444445,0.0,2.0,,,fatsecret-5780,210,531.0,3.2,6.59,2025-01-02 00:06:13.156,2025-01-02 00:06:13.156,2.93,3.84,1.84,3.1666667,Mashed Potato made with Milk and Fat (from Fresh),2.75,,3.3846154,218.0,cup,,OKVbQxqZP/,g,1.453,,com.sec.android.app.shealth,36.71,0.96330273,243a5189-0d0a-4ff3-b5e4-f97237db127a,1,
,0.0,0.0,0.0,0.0,,,fatsecret-228896,34,310.0,1.0,4.5,2025-01-01 17:02:36.136,2025-01-01 17:02:36.136,,2.0,,0.0,All Purpose Baking Mix(Jiffy),1.0,1.0,0.0,140.0,serving,,OKVbQxqZP/,g,2.0,,com.sec.android.app.shealth,22.0,0.24285714,16673573-2bec-43a9-a0a4-ac71cd5124da,1,
,0.0,0.0,0.0,,,,fatsecret-82318,30,30.0,,0.0,2025-01-01 17:02:36.136,2025-01-01 17:02:36.136,,0.0,,0.0,Butter Rich Syrup(Aunt Jemima),15.0,15.0,0.0,100.0,serving,,OKVbQxqZP/,ml,0.0,,com.sec.android.app.shealth,25.0,,b2fdf94a-7c95-48f0-850d-6ff80dc51932,1,
,0.0,0.0,0.0,0.0,,,fatsecret-56817,28,130.0,2.0,7.0,2025-01-01 22:09:14.752,2025-01-01 22:09:14.752,,2.0,,0.0,Yellow Round Tortilla Chips(Shearer's),0.0,,0.0,150.0,serving,,OKVbQxqZP/,g,1.0,,com.sec.android.app.shealth,18.0,0.18666667,580f35b3-84e9-4742-9cf9-9db764d55e20,1,
210.0,0.0,0.0,0.0,15.0,,,fatsecret-1110286,112,860.0,1.0,12.0,2025-01-02 00:06:13.156,2025-01-02 00:06:13.156,,13.0,,16.666666,Velveeta Shells & Cheese Original(Kraft),4.0,0.0,11.538462,370.0,serving,,OKVbQxqZP/,g,3.0,0.0,com.sec.android.app.shealth,49.0,0.3027027,0506a857-0681-4c91-ad85-4bccf60408e0,1,
223.0,9.555555,2.1111112,0.0,37.0,,,fatsecret-39927,113,616.0,,14.15,2025-01-03 17:10:51.384,2025-01-03 17:10:51.384,5.347,15.96,1.09,13.5,Cheeseburger (Single Patty with Condiments),,,8.538462,295.0,sandwich,,OKVbQxqZP/,g,6.308,,com.sec.android.app.shealth,26.53,0.38305086,ef6fabc2-7806-4406-be74-ef7592c5c3ab,1,
,0.0,140.0,0.0,0.0,,,fatsecret-57699,240,170.0,0.0,0.0,2025-01-03 17:16:07.075,2025-01-01 17:05:56.360,,0.0,,0.0,Diet Mixed Berry Green Tea(Lipton),0.0,,0.0,0.0,serving,,OKVbQxqZP/,ml,0.0,,com.sec.android.app.shealth,0.0,,4f7b1af1-20b6-49ff-983d-b0cbc428346a,1,
,0.0,0.0,0.0,0.0,,,fatsecret-68752930,125,240.0,5.0,24.0,2025-01-04 03:10:06.684,2025-01-04 03:10:06.684,,5.0,,0.0,Medium Chick-Fil-A Waffle Potato Fries(Chick-Fil-A),1.0,,0.0,420.0,serving,,OKVbQxqZP/,g,4.0,0.0,com.sec.android.app.shealth,45.0,0.29761904,2d3dd887-dd37-4b59-9163-6790da8e102c,1,
,0.0,0.0,0.0,85.0,,,fatsecret-68752649,95,440.0,0.0,3.0,2025-01-04 03:10:06.684,2025-01-04 03:10:06.684,,25.0,,0.0,8 Ct Grilled Nuggets(Chick-Fil-A),1.0,,0.0,130.0,serving,,OKVbQxqZP/,g,0.5,0.0,com.sec.android.app.shealth,1.0,0.7307692,a58175cc-0206-4031-a146-3a42106fad45,1,
,0.0,0.0,0.0,0.0,,,fatsecret-68753707,562,0.0,0.0,0.0,2025-01-04 03:10:06.684,2025-01-04 03:10:06.684,,0.0,,0.0,Medium Freshly-Brewed Iced Tea Sweetened(Chick-Fil-A),26.0,,0.0,100.0,serving,,OKVbQxqZP/,ml,0.0,0.0,com.sec.android.app.shealth,26.0,,59fd1ba3-25cc-43fd-8d4e-4bdbac9bcd07,1,
53.0,0.0,0.0,0.0,0.0,,,fatsecret-5155222,1,210.0,1.0,11.0,2025-01-04 03:10:59.099,2025-01-04 03:10:59.099,0.0,1.0,0.0,2.2222223,Crunchy Cheetos (1 oz)(Cheetos),1.0,0.0,1.1538461,150.0,serving,,OKVbQxqZP/,oz,1.5,0.0,com.sec.android.app.shealth,13.0,,b98ad40d-907b-4bb0-806a-2fd8153bfb13,1,
10.0,0.0,0.5555556,0.0,0.0,,,fatsecret-5422,5,0.0,0.0,0.01,2025-01-04 03:23:09.885,2025-01-04 03:23:09.885,0.0,0.04,0.002,0.11111111,Grapes,0.77,,0.0,3.0,"grape, seedless",,OKVbQxqZP/,g,0.003,,com.sec.android.app.shealth,0.9,1.6666666,259d8065-9c40-4ef6-b1d3-6fa9cfad1592,1,
67.0,7.7777777,0.0,0.0,212.0,,,fatsecret-3092,50,70.0,0.0,4.97,2025-01-04 15:46:16.672,2025-01-04 15:46:16.672,1.905,6.29,0.682,5.111111,Egg,0.38,,2.0,74.0,large,,OKVbQxqZP/,g,1.55,,com.sec.android.app.shealth,0.38,0.6756757,7473b0c4-a3eb-4622-b608-1776447c91b7,1,
15.0,0.0,0.0,0.0,0.0,,,fatsecret-4278773,16,130.0,0.0,4.5,2025-01-04 04:19:19.489,2025-01-04 04:19:19.489,1.0,1.0,2.0,194.44444,Crackers - Fresh Stack(Ritz),1.0,1.0,1.5384616,80.0,serving,,OKVbQxqZP/,g,1.0,0.0,com.sec.android.app.shealth,10.0,0.2,d24d99b0-074e-4bd2-9c41-829ffc68f806,1,
,0.0,0.0,0.0,,,,fatsecret-4088713,57,10.0,,0.0,2025-01-04 03:47:47.043,2025-01-04 03:47:47.043,,0.0,,0.0,Authentic Italian Ices(Wyler's),11.0,,0.0,60.0,serving,,OKVbQxqZP/,g,,,com.sec.android.app.shealth,14.0,0.95,f42326b3-c585-402b-8b96-58e513c7999c,1,
0.0,0.0,0.0,0.0,20.0,,,fatsecret-1684000,28,180.0,0.0,7.0,2025-01-04 04:19:06.888,2025-01-04 04:19:06.888,0.0,5.0,0.0,0.0,Spreadable Sharp Cheddar Cheese(Kaukauna),3.0,,0.0,90.0,serving,,OKVbQxqZP/,g,3.5,0.0,com.sec.android.app.shealth,3.0,0.31111112,71cba9ac-5c4f-41fa-86ff-80548a744deb,1,
99.0,0.0,0.0,0.0,0.0,,,fatsecret-6140142,0,0.0,0.0,0.0,2025-01-04 04:22:25.863,2025-01-04 04:22:25.863,0.0,0.0,0.0,0.0,Potassium Gluconate(Spring Valley),0.0,,0.0,0.0,serving,,OKVbQxqZP/,,0.0,0.0,com.sec.android.app.shealth,0.0,,b2a01f1c-b3fe-4183-a726-e6cf852cc8d2,1,
80.0,83.333336,100.0,65.0,0.0,,,fatsecret-902170,0,0.0,0.0,0.0,2025-01-04 03:52:36.206,2025-01-04 03:52:36.206,0.0,0.0,0.0,44.444443,Multivitamin(Target),0.0,,16.923077,0.0,serving,,OKVbQxqZP/,,0.0,0.0,com.sec.android.app.shealth,0.5,,378027e2-4d03-4458-b106-273673a59166,1,
